<?xml version="1.0" encoding="utf-8"?>
<COLLADA xmlns="http://www.collada.org/2005/11/COLLADASchema" version="1.4.1" xmlns:xsi="http://www.w3.org/2001/XMLSchema-instance">
  <asset>
    <contributor>
      <author>Blender User</author>
      <authoring_tool>Blender 3.0.1</authoring_tool>
    </contributor>
    <created>2025-09-22T12:28:43</created>
    <modified>2025-09-22T12:28:43</modified>
    <unit name="meter" meter="1"/>
    <up_axis>Z_UP</up_axis>
  </asset>
  <library_effects>
    <effect id="mat_0-effect">
      <profile_COMMON>
        <technique sid="common">
          <lambert>
            <emission>
              <color sid="emission">0 0 0 1</color>
            </emission>
            <diffuse>
              <color sid="diffuse">0.1328683 0.1328683 0.1328683 1</color>
            </diffuse>
            <reflectivity>
              <float sid="specular">1</float>
            </reflectivity>
            <index_of_refraction>
              <float sid="ior">1.45</float>
            </index_of_refraction>
          </lambert>
        </technique>
      </profile_COMMON>
    </effect>
  </library_effects>
  <library_images/>
  <library_materials>
    <material id="mat_0-material" name="mat_0">
      <instance_effect url="#mat_0-effect"/>
    </material>
  </library_materials>
  <library_geometries>
    <geometry id="COMPOUND-mesh" name="COMPOUND">
      <mesh>
        <source id="COMPOUND-mesh-positions">
          <float_array id="COMPOUND-mesh-positions-array" count="4452">-0.00701487 0 -0.03351819 -0.00701487 0.005661427 -0.03303641 -0.00701487 0.01116001 -0.03160464 -0.00701487 0.01633757 -0.02926421 -0.00701487 0.02104508 -0.02608251 -0.00701487 0.02514719 -0.02215093 -0.00701487 0.02852582 -0.01758277 -0.00701487 0.03108388 -0.01250922 -0.00701487 0.03274762 -0.007076263 -0.00701487 0.03346937 -0.001440405 -0.00701487 0.03322821 0.00423634 -0.00701487 0.03203111 0.009790718 -0.00701487 0.02991259 0.01506286 -0.00701487 0.02693355 0.01990121 -0.00701487 0.02317965 0.02416652 -0.00701487 0.01875889 0.02773606 -0.00701487 0.01379847 0.03050702 -0.00701487 0.00844115 0.03239995 -0.00701487 0.002840936 0.03336012 -0.00701487 -0.002840936 0.03336012 -0.00701487 -0.00844115 0.03239995 -0.00701487 -0.01379847 0.03050702 -0.00701487 -0.01875889 0.02773606 -0.00701487 -0.02317965 0.02416652 -0.00701487 -0.02693355 0.01990121 -0.00701487 -0.02991259 0.01506286 -0.00701487 -0.03203111 0.009790718 -0.00701487 -0.03322821 0.00423634 -0.00701487 -0.03346937 -0.001440405 -0.00701487 -0.03274762 -0.007076263 -0.00701487 -0.03108388 -0.01250922 -0.00701487 -0.02852582 -0.01758277 -0.00701487 -0.02514719 -0.02215093 -0.00701487 -0.02104508 -0.02608251 -0.00701487 -0.01633757 -0.02926421 -0.00701487 -0.01116001 -0.03160464 -0.00701487 -0.005661427 -0.03303641 -0.00701487 0 -0.03351819 -0.009014844 0 -0.03351819 -0.009014844 0.005661427 -0.03303641 -0.009014844 0.01116001 -0.03160464 -0.009014844 0.01633757 -0.02926421 -0.009014844 0.02104508 -0.02608251 -0.009014844 0.02514719 -0.02215093 -0.009014844 0.02852582 -0.01758277 -0.009014844 0.03108388 -0.01250922 -0.009014844 0.03274762 -0.007076263 -0.009014844 0.03346937 -0.001440405 -0.009014844 0.03322821 0.00423634 -0.009014844 0.03203111 0.009790718 -0.009014844 0.02991259 0.01506286 -0.009014844 0.02693355 0.01990121 -0.009014844 0.02317965 0.02416652 -0.009014844 0.01875889 0.02773606 -0.009014844 0.01379847 0.03050702 -0.009014844 0.00844115 0.03239995 -0.009014844 0.002840936 0.03336012 -0.009014844 -0.002840936 0.03336012 -0.009014844 -0.00844115 0.03239995 -0.009014844 -0.01379847 0.03050702 -0.009014844 -0.01875889 0.02773606 -0.009014844 -0.02317965 0.02416652 -0.009014844 -0.02693355 0.01990121 -0.009014844 -0.02991259 0.01506286 -0.009014844 -0.03203111 0.009790718 -0.009014844 -0.03322821 0.00423634 -0.009014844 -0.03346937 -0.001440405 -0.009014844 -0.03274762 -0.007076263 -0.009014844 -0.03108388 -0.01250922 -0.009014844 -0.02852582 -0.01758277 -0.009014844 -0.02514719 -0.02215093 -0.009014844 -0.02104508 -0.02608251 -0.009014844 -0.01633757 -0.02926421 -0.009014844 -0.01116001 -0.03160464 -0.009014844 -0.005661427 -0.03303641 -0.009014844 0 -0.03351819 -0.00701487 0 -0.03351819 -0.00701487 0.005661427 -0.03303641 -0.00701487 0.01116001 -0.03160464 -0.00701487 0.01633757 -0.02926421 -0.00701487 0.02104508 -0.02608251 -0.00701487 0.02514719 -0.02215093 -0.00701487 0.02852582 -0.01758277 -0.00701487 0.03108388 -0.01250922 -0.00701487 0.03274762 -0.007076263 -0.00701487 0.03346937 -0.001440405 -0.00701487 0.03322821 0.00423634 -0.00701487 0.03203111 0.009790718 -0.00701487 0.02991259 0.01506286 -0.00701487 0.02693355 0.01990121 -0.00701487 0.02317965 0.02416652 -0.00701487 0.01875889 0.02773606 -0.00701487 0.01379847 0.03050702 -0.00701487 0.00844115 0.03239995 -0.00701487 0.002840936 0.03336012 -0.00701487 -0.002840936 0.03336012 -0.00701487 -0.00844115 0.03239995 -0.00701487 -0.01379847 0.03050702 -0.00701487 -0.01875889 0.02773606 -0.00701487 -0.02317965 0.02416652 -0.00701487 -0.02693355 0.01990121 -0.00701487 -0.02991259 0.01506286 -0.00701487 -0.03203111 0.009790718 -0.00701487 -0.03322821 0.00423634 -0.00701487 -0.03346937 -0.001440405 -0.00701487 -0.03274762 -0.007076263 -0.00701487 -0.03108388 -0.01250922 -0.00701487 -0.02852582 -0.01758277 -0.00701487 -0.02514719 -0.02215093 -0.00701487 -0.02104508 -0.02608251 -0.00701487 -0.01633757 -0.02926421 -0.00701487 -0.01116001 -0.03160464 -0.00701487 -0.005661427 -0.03303641 -0.00701487 0 -0.03151822 -0.00701487 0.005469799 -0.03103971 -0.00701487 0.01077347 -0.02961862 -0.00701487 0.01574975 -0.02729809 -0.00701487 0.02024751 -0.0241487 -0.00701487 0.02413004 -0.02026617 -0.00701487 0.02727943 -0.01576846 -0.00701487 0.0295999 -0.01079219 -0.00701487 0.03102099 -0.005488514 -0.00701487 0.03149956 -1.86765e-5 -0.00701487 0.03102099 0.005451202 -0.00701487 0.0295999 0.01075482 -0.00701487 0.02727943 0.01573109 -0.00701487 0.02413004 0.0202288 -0.00701487 0.02024751 0.02411133 -0.00701487 0.01574975 0.02726072 -0.00701487 0.01077347 0.02958124 -0.00701487 0.005469799 0.03100234 -0.00701487 0 0.03148084 -0.00701487 -0.005469799 0.03100234 -0.00701487 -0.01077347 0.02958124 -0.00701487 -0.01574975 0.02726072 -0.00701487 -0.02024751 0.02411133 -0.00701487 -0.02413004 0.0202288 -0.00701487 -0.02727943 0.01573109 -0.00701487 -0.0295999 0.01075482 -0.00701487 -0.03102099 0.005451202 -0.00701487 -0.03149956 -1.86765e-5 -0.00701487 -0.03102099 -0.005488514 -0.00701487 -0.0295999 -0.01079219 -0.00701487 -0.02727943 -0.01576846 -0.00701487 -0.02413004 -0.02026617 -0.00701487 -0.02024751 -0.0241487 -0.00701487 -0.01574975 -0.02729809 -0.00701487 -0.01077347 -0.02961862 -0.00701487 -0.005469799 -0.03103971 -0.009014844 0 -0.03351819 -0.009014844 0.005661427 -0.03303641 -0.009014844 0.01116001 -0.03160464 -0.009014844 0.01633757 -0.02926421 -0.009014844 0.02104508 -0.02608251 -0.009014844 0.02514719 -0.02215093 -0.009014844 0.02852582 -0.01758277 -0.009014844 0.03108388 -0.01250922 -0.009014844 0.03274762 -0.007076263 -0.009014844 0.03346937 -0.001440405 -0.009014844 0.03322821 0.00423634 -0.009014844 0.03203111 0.009790718 -0.009014844 0.02991259 0.01506286 -0.009014844 0.02693355 0.01990121 -0.009014844 0.02317965 0.02416652 -0.009014844 0.01875889 0.02773606 -0.009014844 0.01379847 0.03050702 -0.009014844 0.00844115 0.03239995 -0.009014844 0.002840936 0.03336012 -0.009014844 -0.002840936 0.03336012 -0.009014844 -0.00844115 0.03239995 -0.009014844 -0.01379847 0.03050702 -0.009014844 -0.01875889 0.02773606 -0.009014844 -0.02317965 0.02416652 -0.009014844 -0.02693355 0.01990121 -0.009014844 -0.02991259 0.01506286 -0.009014844 -0.03203111 0.009790718 -0.009014844 -0.03322821 0.00423634 -0.009014844 -0.03346937 -0.001440405 -0.009014844 -0.03274762 -0.007076263 -0.009014844 -0.03108388 -0.01250922 -0.009014844 -0.02852582 -0.01758277 -0.009014844 -0.02514719 -0.02215093 -0.009014844 -0.02104508 -0.02608251 -0.009014844 -0.01633757 -0.02926421 -0.009014844 -0.01116001 -0.03160464 -0.009014844 -0.005661427 -0.03303641 -0.009014844 0 0.01498109 -0.009014844 0.00358963 0.0145452 -0.009014844 0.006970703 0.01326298 -0.009014844 0.009946703 0.01120883 -0.009014844 0.01234459 0.008502185 -0.009014844 0.01402503 0.005300343 -0.009014844 0.01489043 0.001789391 -0.009014844 0.01489043 -0.001826703 -0.009014844 0.01402503 -0.005337655 -0.009014844 0.01234459 -0.008539557 -0.009014844 0.009946703 -0.01124614 -0.009014844 0.006970703 -0.01330035 -0.009014844 0.00358963 -0.01458251 -0.009014844 0 -0.01501846 -0.009014844 -0.00358963 -0.01458251 -0.009014844 -0.006970703 -0.01330035 -0.009014844 -0.009946703 -0.01124614 -0.009014844 -0.01234459 -0.008539557 -0.009014844 -0.01402503 -0.005337655 -0.009014844 -0.01489043 -0.001826703 -0.009014844 -0.01489043 0.001789391 -0.009014844 -0.01402503 0.005300343 -0.009014844 -0.01234459 0.008502185 -0.009014844 -0.009946703 0.01120883 -0.009014844 -0.006970703 0.01326298 -0.009014844 -0.00358963 0.0145452 -0.009014844 0.02499967 0.002981245 -0.009014844 0.02428174 0.002894103 -0.009014844 0.02360552 0.002637624 -0.009014844 0.02301031 0.002226769 -0.009014844 0.02253073 0.0016855 -0.009014844 0.02219462 0.001045107 -0.009014844 0.02202159 3.42891e-4 -0.009014844 0.02202159 -3.80244e-4 -0.009014844 0.02219462 -0.001082479 -0.009014844 0.02253073 -0.001722872 -0.009014844 0.02301031 -0.002264082 -0.009014844 0.02360552 -0.002674996 -0.009014844 0.02428174 -0.002931475 -0.009014844 0.02499967 -0.003018617 -0.009014844 0.02571761 -0.002931475 -0.009014844 0.02639383 -0.002674996 -0.009014844 0.02698898 -0.002264082 -0.009014844 0.02746856 -0.001722872 -0.009014844 0.02780467 -0.001082479 -0.009014844 0.02797776 -3.80244e-4 -0.009014844 0.02797776 3.42891e-4 -0.009014844 0.02780467 0.001045107 -0.009014844 0.02746856 0.0016855 -0.009014844 0.02698898 0.002226769 -0.009014844 0.02639383 0.002637624 -0.009014844 0.02571761 0.002894103 -0.009014844 0.01767742 -0.01469606 -0.009014844 0.01695948 -0.01478332 -0.009014844 0.01628327 -0.0150398 -0.009014844 0.01568806 -0.01545059 -0.009014844 0.01520848 -0.01599192 -0.009014844 0.01487243 -0.01663231 -0.009014844 0.01469933 -0.01733446 -0.009014844 0.01469933 -0.0180577 -0.009014844 0.01487243 -0.01875984 -0.009014844 0.01520848 -0.01940023 -0.009014844 0.01568806 -0.01994162 -0.009014844 0.01628327 -0.02035236 -0.009014844 0.01695948 -0.02060884 -0.009014844 0.01767742 -0.02069598 -0.009014844 0.01839536 -0.02060884 -0.009014844 0.01907157 -0.02035236 -0.009014844 0.01966673 -0.01994162 -0.009014844 0.02014631 -0.01940023 -0.009014844 0.02048242 -0.01875984 -0.009014844 0.02065551 -0.0180577 -0.009014844 0.02065551 -0.01733446 -0.009014844 0.02048242 -0.01663231 -0.009014844 0.02014631 -0.01599192 -0.009014844 0.01966673 -0.01545059 -0.009014844 0.01907157 -0.0150398 -0.009014844 0.01839536 -0.01478332 -0.009014844 0 -0.02201837 -0.009014844 -7.17938e-4 -0.02210551 -0.009014844 -0.001394093 -0.02236199 -0.009014844 -0.001989305 -0.02277284 -0.009014844 -0.002468883 -0.02331411 -0.009014844 -0.002804994 -0.02395451 -0.009014844 -0.002978086 -0.02465677 -0.009014844 -0.002978086 -0.02537989 -0.009014844 -0.002804994 -0.02608215 -0.009014844 -0.002468883 -0.02672249 -0.009014844 -0.001989305 -0.02726376 -0.009014844 -0.001394093 -0.02767467 -0.009014844 -7.17938e-4 -0.02793109 -0.009014844 0 -0.02801829 -0.009014844 7.17938e-4 -0.02793109 -0.009014844 0.001394093 -0.02767467 -0.009014844 0.001989305 -0.02726376 -0.009014844 0.002468883 -0.02672249 -0.009014844 0.002804994 -0.02608215 -0.009014844 0.002978086 -0.02537989 -0.009014844 0.002978086 -0.02465677 -0.009014844 0.002804994 -0.02395451 -0.009014844 0.002468883 -0.02331411 -0.009014844 0.001989305 -0.02277284 -0.009014844 0.001394093 -0.02236199 -0.009014844 7.17938e-4 -0.02210551 -0.009014844 -0.01767742 0.02065861 -0.009014844 -0.01839536 0.02057147 -0.009014844 -0.01907157 0.02031499 -0.009014844 -0.01966673 0.01990425 -0.009014844 -0.02014631 0.01936286 -0.009014844 -0.02048242 0.01872247 -0.009014844 -0.02065551 0.01802033 -0.009014844 -0.02065551 0.01729708 -0.009014844 -0.02048242 0.01659494 -0.009014844 -0.02014631 0.01595461 -0.009014844 -0.01966673 0.01541322 -0.009014844 -0.01907157 0.01500242 -0.009014844 -0.01839536 0.01474601 -0.009014844 -0.01767742 0.01465868 -0.009014844 -0.01695948 0.01474601 -0.009014844 -0.01628327 0.01500242 -0.009014844 -0.01568806 0.01541322 -0.009014844 -0.01520848 0.01595461 -0.009014844 -0.01487243 0.01659494 -0.009014844 -0.01469933 0.01729708 -0.009014844 -0.01469933 0.01802033 -0.009014844 -0.01487243 0.01872247 -0.009014844 -0.01520848 0.01936286 -0.009014844 -0.01568806 0.01990425 -0.009014844 -0.01628327 0.02031499 -0.009014844 -0.01695948 0.02057147 -0.009014844 -0.01767742 -0.01469606 -0.009014844 -0.01839536 -0.01478332 -0.009014844 -0.01907157 -0.0150398 -0.009014844 -0.01966673 -0.01545059 -0.009014844 -0.02014631 -0.01599192 -0.009014844 -0.02048242 -0.01663231 -0.009014844 -0.02065551 -0.01733446 -0.009014844 -0.02065551 -0.0180577 -0.009014844 -0.02048242 -0.01875984 -0.009014844 -0.02014631 -0.01940023 -0.009014844 -0.01966673 -0.01994162 -0.009014844 -0.01907157 -0.02035236 -0.009014844 -0.01839536 -0.02060884 -0.009014844 -0.01767742 -0.02069598 -0.009014844 -0.01695948 -0.02060884 -0.009014844 -0.01628327 -0.02035236 -0.009014844 -0.01568806 -0.01994162 -0.009014844 -0.01520848 -0.01940023 -0.009014844 -0.01487243 -0.01875984 -0.009014844 -0.01469933 -0.0180577 -0.009014844 -0.01469933 -0.01733446 -0.009014844 -0.01487243 -0.01663231 -0.009014844 -0.01520848 -0.01599192 -0.009014844 -0.01568806 -0.01545059 -0.009014844 -0.01628327 -0.0150398 -0.009014844 -0.01695948 -0.01478332 -0.009014844 -0.02499967 0.002981245 -0.009014844 -0.02571761 0.002894103 -0.009014844 -0.02639383 0.002637624 -0.009014844 -0.02698898 0.002226769 -0.009014844 -0.02746856 0.0016855 -0.009014844 -0.02780467 0.001045107 -0.009014844 -0.02797776 3.42891e-4 -0.009014844 -0.02797776 -3.80244e-4 -0.009014844 -0.02780467 -0.001082479 -0.009014844 -0.02746856 -0.001722872 -0.009014844 -0.02698898 -0.002264082 -0.009014844 -0.02639383 -0.002674996 -0.009014844 -0.02571761 -0.002931475 -0.009014844 -0.02499967 -0.003018617 -0.009014844 -0.02428174 -0.002931475 -0.009014844 -0.02360552 -0.002674996 -0.009014844 -0.02301031 -0.002264082 -0.009014844 -0.02253073 -0.001722872 -0.009014844 -0.02219462 -0.001082479 -0.009014844 -0.02202159 -3.80244e-4 -0.009014844 -0.02202159 3.42891e-4 -0.009014844 -0.02219462 0.001045107 -0.009014844 -0.02253073 0.0016855 -0.009014844 -0.02301031 0.002226769 -0.009014844 -0.02360552 0.002637624 -0.009014844 -0.02428174 0.002894103 -0.009014844 0.01767742 0.02065861 -0.009014844 0.01695948 0.02057147 -0.009014844 0.01628327 0.02031499 -0.009014844 0.01568806 0.01990425 -0.009014844 0.01520848 0.01936286 -0.009014844 0.01487243 0.01872247 -0.009014844 0.01469933 0.01802033 -0.009014844 0.01469933 0.01729708 -0.009014844 0.01487243 0.01659494 -0.009014844 0.01520848 0.01595461 -0.009014844 0.01568806 0.01541322 -0.009014844 0.01628327 0.01500242 -0.009014844 0.01695948 0.01474601 -0.009014844 0.01767742 0.01465868 -0.009014844 0.01839536 0.01474601 -0.009014844 0.01907157 0.01500242 -0.009014844 0.01966673 0.01541322 -0.009014844 0.02014631 0.01595461 -0.009014844 0.02048242 0.01659494 -0.009014844 0.02065551 0.01729708 -0.009014844 0.02065551 0.01802033 -0.009014844 0.02048242 0.01872247 -0.009014844 0.02014631 0.01936286 -0.009014844 0.01966673 0.01990425 -0.009014844 0.01907157 0.02031499 -0.009014844 0.01839536 0.02057147 -1.50144e-5 0 -0.03094083 -1.50144e-5 0.005369544 -0.03047114 -1.50144e-5 0.010576 -0.02907598 -1.50144e-5 0.01546108 -0.02679806 -1.50144e-5 0.01987642 -0.02370643 -1.50144e-5 0.02368777 -0.01989507 -1.50144e-5 0.02677941 -0.01547974 -1.50144e-5 0.02905738 -0.01059466 -1.50144e-5 0.03045243 -0.0053882 -1.50144e-5 0.03092223 -1.86765e-5 -1.50144e-5 0.03045243 0.005350828 -1.50144e-5 0.02905738 0.01055735 -1.50144e-5 0.02677941 0.01544237 -1.50144e-5 0.02368777 0.01985776 -1.50144e-5 0.01987642 0.02366906 -1.50144e-5 0.01546108 0.02676069 -1.50144e-5 0.010576 0.02903866 -1.50144e-5 0.005369544 0.03043377 -1.50144e-5 0 0.03090345 -1.50144e-5 -0.005369544 0.03043377 -1.50144e-5 -0.010576 0.02903866 -1.50144e-5 -0.01546108 0.02676069 -1.50144e-5 -0.01987642 0.02366906 -1.50144e-5 -0.02368777 0.01985776 -1.50144e-5 -0.02677941 0.01544237 -1.50144e-5 -0.02905738 0.01055735 -1.50144e-5 -0.03045243 0.005350828 -1.50144e-5 -0.03092223 -1.86765e-5 -1.50144e-5 -0.03045243 -0.0053882 -1.50144e-5 -0.02905738 -0.01059466 -1.50144e-5 -0.02677941 -0.01547974 -1.50144e-5 -0.02368777 -0.01989507 -1.50144e-5 -0.01987642 -0.02370643 -1.50144e-5 -0.01546108 -0.02679806 -1.50144e-5 -0.010576 -0.02907598 -1.50144e-5 -0.005369544 -0.03047114 -1.50144e-5 0 -0.01634579 -1.50144e-5 -0.003907322 -0.01587134 -1.50144e-5 -0.007587552 -0.01447558 -1.50144e-5 -0.01082688 -0.01223969 -1.50144e-5 -0.01343697 -0.009293556 -1.50144e-5 -0.01526612 -0.005808353 -1.50144e-5 -0.01620805 -0.001986622 -1.50144e-5 -0.01620805 0.00194931 -1.50144e-5 -0.01526612 0.005770981 -1.50144e-5 -0.01343697 0.009256184 -1.50144e-5 -0.01082688 0.01220232 -1.50144e-5 -0.007587552 0.01443827 -1.50144e-5 -0.003907322 0.01583397 -1.50144e-5 0 0.01630848 -1.50144e-5 0.003907322 0.01583397 -1.50144e-5 0.007587552 0.01443827 -1.50144e-5 0.01082688 0.01220232 -1.50144e-5 0.01343697 0.009256184 -1.50144e-5 0.01526612 0.005770981 -1.50144e-5 0.01620805 0.00194931 -1.50144e-5 0.01620805 -0.001986622 -1.50144e-5 0.01526612 -0.005808353 -1.50144e-5 0.01343697 -0.009293556 -1.50144e-5 0.01082688 -0.01223969 -1.50144e-5 0.007587552 -0.01447558 -1.50144e-5 0.003907322 -0.01587134 -1.50144e-5 0.02499967 0.002981245 -1.50144e-5 0.02571761 0.002894103 -1.50144e-5 0.02639383 0.002637624 -1.50144e-5 0.02698898 0.002226769 -1.50144e-5 0.02746856 0.0016855 -1.50144e-5 0.02780467 0.001045107 -1.50144e-5 0.02797776 3.42891e-4 -1.50144e-5 0.02797776 -3.80244e-4 -1.50144e-5 0.02780467 -0.001082479 -1.50144e-5 0.02746856 -0.001722872 -1.50144e-5 0.02698898 -0.002264082 -1.50144e-5 0.02639383 -0.002674996 -1.50144e-5 0.02571761 -0.002931475 -1.50144e-5 0.02499967 -0.003018617 -1.50144e-5 0.02428174 -0.002931475 -1.50144e-5 0.02360552 -0.002674996 -1.50144e-5 0.02301031 -0.002264082 -1.50144e-5 0.02253073 -0.001722872 -1.50144e-5 0.02219462 -0.001082479 -1.50144e-5 0.02202159 -3.80244e-4 -1.50144e-5 0.02202159 3.42891e-4 -1.50144e-5 0.02219462 0.001045107 -1.50144e-5 0.02253073 0.0016855 -1.50144e-5 0.02301031 0.002226769 -1.50144e-5 0.02360552 0.002637624 -1.50144e-5 0.02428174 0.002894103 -1.50144e-5 0.01767742 -0.01469606 -1.50144e-5 0.01839536 -0.01478332 -1.50144e-5 0.01907157 -0.0150398 -1.50144e-5 0.01966673 -0.01545059 -1.50144e-5 0.02014631 -0.01599192 -1.50144e-5 0.02048242 -0.01663231 -1.50144e-5 0.02065551 -0.01733446 -1.50144e-5 0.02065551 -0.0180577 -1.50144e-5 0.02048242 -0.01875984 -1.50144e-5 0.02014631 -0.01940023 -1.50144e-5 0.01966673 -0.01994162 -1.50144e-5 0.01907157 -0.02035236 -1.50144e-5 0.01839536 -0.02060884 -1.50144e-5 0.01767742 -0.02069598 -1.50144e-5 0.01695948 -0.02060884 -1.50144e-5 0.01628327 -0.02035236 -1.50144e-5 0.01568806 -0.01994162 -1.50144e-5 0.01520848 -0.01940023 -1.50144e-5 0.01487243 -0.01875984 -1.50144e-5 0.01469933 -0.0180577 -1.50144e-5 0.01469933 -0.01733446 -1.50144e-5 0.01487243 -0.01663231 -1.50144e-5 0.01520848 -0.01599192 -1.50144e-5 0.01568806 -0.01545059 -1.50144e-5 0.01628327 -0.0150398 -1.50144e-5 0.01695948 -0.01478332 -1.50144e-5 0 -0.02201837 -1.50144e-5 7.17938e-4 -0.02210551 -1.50144e-5 0.001394093 -0.02236199 -1.50144e-5 0.001989305 -0.02277284 -1.50144e-5 0.002468883 -0.02331411 -1.50144e-5 0.002804994 -0.02395451 -1.50144e-5 0.002978086 -0.02465677 -1.50144e-5 0.002978086 -0.02537989 -1.50144e-5 0.002804994 -0.02608215 -1.50144e-5 0.002468883 -0.02672249 -1.50144e-5 0.001989305 -0.02726376 -1.50144e-5 0.001394093 -0.02767467 -1.50144e-5 7.17938e-4 -0.02793109 -1.50144e-5 0 -0.02801829 -1.50144e-5 -7.17938e-4 -0.02793109 -1.50144e-5 -0.001394093 -0.02767467 -1.50144e-5 -0.001989305 -0.02726376 -1.50144e-5 -0.002468883 -0.02672249 -1.50144e-5 -0.002804994 -0.02608215 -1.50144e-5 -0.002978086 -0.02537989 -1.50144e-5 -0.002978086 -0.02465677 -1.50144e-5 -0.002804994 -0.02395451 -1.50144e-5 -0.002468883 -0.02331411 -1.50144e-5 -0.001989305 -0.02277284 -1.50144e-5 -0.001394093 -0.02236199 -1.50144e-5 -7.17938e-4 -0.02210551 -1.50144e-5 -0.01767742 0.02065861 -1.50144e-5 -0.01695948 0.02057147 -1.50144e-5 -0.01628327 0.02031499 -1.50144e-5 -0.01568806 0.01990425 -1.50144e-5 -0.01520848 0.01936286 -1.50144e-5 -0.01487243 0.01872247 -1.50144e-5 -0.01469933 0.01802033 -1.50144e-5 -0.01469933 0.01729708 -1.50144e-5 -0.01487243 0.01659494 -1.50144e-5 -0.01520848 0.01595461 -1.50144e-5 -0.01568806 0.01541322 -1.50144e-5 -0.01628327 0.01500242 -1.50144e-5 -0.01695948 0.01474601 -1.50144e-5 -0.01767742 0.01465868 -1.50144e-5 -0.01839536 0.01474601 -1.50144e-5 -0.01907157 0.01500242 -1.50144e-5 -0.01966673 0.01541322 -1.50144e-5 -0.02014631 0.01595461 -1.50144e-5 -0.02048242 0.01659494 -1.50144e-5 -0.02065551 0.01729708 -1.50144e-5 -0.02065551 0.01802033 -1.50144e-5 -0.02048242 0.01872247 -1.50144e-5 -0.02014631 0.01936286 -1.50144e-5 -0.01966673 0.01990425 -1.50144e-5 -0.01907157 0.02031499 -1.50144e-5 -0.01839536 0.02057147 -1.50144e-5 -0.01767742 -0.01469606 -1.50144e-5 -0.01695948 -0.01478332 -1.50144e-5 -0.01628327 -0.0150398 -1.50144e-5 -0.01568806 -0.01545059 -1.50144e-5 -0.01520848 -0.01599192 -1.50144e-5 -0.01487243 -0.01663231 -1.50144e-5 -0.01469933 -0.01733446 -1.50144e-5 -0.01469933 -0.0180577 -1.50144e-5 -0.01487243 -0.01875984 -1.50144e-5 -0.01520848 -0.01940023 -1.50144e-5 -0.01568806 -0.01994162 -1.50144e-5 -0.01628327 -0.02035236 -1.50144e-5 -0.01695948 -0.02060884 -1.50144e-5 -0.01767742 -0.02069598 -1.50144e-5 -0.01839536 -0.02060884 -1.50144e-5 -0.01907157 -0.02035236 -1.50144e-5 -0.01966673 -0.01994162 -1.50144e-5 -0.02014631 -0.01940023 -1.50144e-5 -0.02048242 -0.01875984 -1.50144e-5 -0.02065551 -0.0180577 -1.50144e-5 -0.02065551 -0.01733446 -1.50144e-5 -0.02048242 -0.01663231 -1.50144e-5 -0.02014631 -0.01599192 -1.50144e-5 -0.01966673 -0.01545059 -1.50144e-5 -0.01907157 -0.0150398 -1.50144e-5 -0.01839536 -0.01478332 -1.50144e-5 -0.02499967 0.002981245 -1.50144e-5 -0.02428174 0.002894103 -1.50144e-5 -0.02360552 0.002637624 -1.50144e-5 -0.02301031 0.002226769 -1.50144e-5 -0.02253073 0.0016855 -1.50144e-5 -0.02219462 0.001045107 -1.50144e-5 -0.02202159 3.42891e-4 -1.50144e-5 -0.02202159 -3.80244e-4 -1.50144e-5 -0.02219462 -0.001082479 -1.50144e-5 -0.02253073 -0.001722872 -1.50144e-5 -0.02301031 -0.002264082 -1.50144e-5 -0.02360552 -0.002674996 -1.50144e-5 -0.02428174 -0.002931475 -1.50144e-5 -0.02499967 -0.003018617 -1.50144e-5 -0.02571761 -0.002931475 -1.50144e-5 -0.02639383 -0.002674996 -1.50144e-5 -0.02698898 -0.002264082 -1.50144e-5 -0.02746856 -0.001722872 -1.50144e-5 -0.02780467 -0.001082479 -1.50144e-5 -0.02797776 -3.80244e-4 -1.50144e-5 -0.02797776 3.42891e-4 -1.50144e-5 -0.02780467 0.001045107 -1.50144e-5 -0.02746856 0.0016855 -1.50144e-5 -0.02698898 0.002226769 -1.50144e-5 -0.02639383 0.002637624 -1.50144e-5 -0.02571761 0.002894103 -1.50144e-5 0.01767742 0.02065861 -1.50144e-5 0.01839536 0.02057147 -1.50144e-5 0.01907157 0.02031499 -1.50144e-5 0.01966673 0.01990425 -1.50144e-5 0.02014631 0.01936286 -1.50144e-5 0.02048242 0.01872247 -1.50144e-5 0.02065551 0.01802033 -1.50144e-5 0.02065551 0.01729708 -1.50144e-5 0.02048242 0.01659494 -1.50144e-5 0.02014631 0.01595461 -1.50144e-5 0.01966673 0.01541322 -1.50144e-5 0.01907157 0.01500242 -1.50144e-5 0.01839536 0.01474601 -1.50144e-5 0.01767742 0.01465868 -1.50144e-5 0.01695948 0.01474601 -1.50144e-5 0.01628327 0.01500242 -1.50144e-5 0.01568806 0.01541322 -1.50144e-5 0.01520848 0.01595461 -1.50144e-5 0.01487243 0.01659494 -1.50144e-5 0.01469933 0.01729708 -1.50144e-5 0.01469933 0.01802033 -1.50144e-5 0.01487243 0.01872247 -1.50144e-5 0.01520848 0.01936286 -1.50144e-5 0.01568806 0.01990425 -1.50144e-5 0.01628327 0.02031499 -1.50144e-5 0.01695948 0.02057147 -1.50144e-5 0 0.02798092 -1.50144e-5 7.17938e-4 0.02789378 -1.50144e-5 0.001394093 0.0276373 -1.50144e-5 0.001989305 0.02722638 -1.50144e-5 0.002468883 0.02668517 -1.50144e-5 0.002804994 0.02604478 -1.50144e-5 0.002978086 0.02534252 -1.50144e-5 0.002978086 0.0246194 -1.50144e-5 0.002804994 0.02391713 -1.50144e-5 0.002468883 0.02327674 -1.50144e-5 0.001989305 0.02273553 -1.50144e-5 0.001394093 0.02232462 -1.50144e-5 7.17938e-4 0.02206814 -1.50144e-5 0 0.021981 -1.50144e-5 -7.17938e-4 0.02206814 -1.50144e-5 -0.001394093 0.02232462 -1.50144e-5 -0.001989305 0.02273553 -1.50144e-5 -0.002468883 0.02327674 -1.50144e-5 -0.002804994 0.02391713 -1.50144e-5 -0.002978086 0.0246194 -1.50144e-5 -0.002978086 0.02534252 -1.50144e-5 -0.002804994 0.02604478 -1.50144e-5 -0.002468883 0.02668517 -1.50144e-5 -0.001989305 0.02722638 -1.50144e-5 -0.001394093 0.0276373 -1.50144e-5 -7.17938e-4 0.02789378 -0.001014947 0 -0.03151822 -0.001014947 -0.005469799 -0.03103971 -0.001014947 -0.01077347 -0.02961862 -0.001014947 -0.01574975 -0.02729809 -0.001014947 -0.02024751 -0.0241487 -0.001014947 -0.02413004 -0.02026617 -0.001014947 -0.02727943 -0.01576846 -0.001014947 -0.0295999 -0.01079219 -0.001014947 -0.03102099 -0.005488514 -0.001014947 -0.03149956 -1.86765e-5 -0.001014947 -0.03102099 0.005451202 -0.001014947 -0.0295999 0.01075482 -0.001014947 -0.02727943 0.01573109 -0.001014947 -0.02413004 0.0202288 -0.001014947 -0.02024751 0.02411133 -0.001014947 -0.01574975 0.02726072 -0.001014947 -0.01077347 0.02958124 -0.001014947 -0.005469799 0.03100234 -0.001014947 0 0.03148084 -0.001014947 0.005469799 0.03100234 -0.001014947 0.01077347 0.02958124 -0.001014947 0.01574975 0.02726072 -0.001014947 0.02024751 0.02411133 -0.001014947 0.02413004 0.0202288 -0.001014947 0.02727943 0.01573109 -0.001014947 0.0295999 0.01075482 -0.001014947 0.03102099 0.005451202 -0.001014947 0.03149956 -1.86765e-5 -0.001014947 0.03102099 -0.005488514 -0.001014947 0.0295999 -0.01079219 -0.001014947 0.02727943 -0.01576846 -0.001014947 0.02413004 -0.02026617 -0.001014947 0.02024751 -0.0241487 -0.001014947 0.01574975 -0.02729809 -0.001014947 0.01077347 -0.02961862 -0.001014947 0.005469799 -0.03103971 -0.001014947 0 -0.03151822 -0.00701487 0 -0.03151822 -0.00701487 0.005469799 -0.03103971 -0.00701487 0.01077347 -0.02961862 -0.00701487 0.01574975 -0.02729809 -0.00701487 0.02024751 -0.0241487 -0.00701487 0.02413004 -0.02026617 -0.00701487 0.02727943 -0.01576846 -0.00701487 0.0295999 -0.01079219 -0.00701487 0.03102099 -0.005488514 -0.00701487 0.03149956 -1.86765e-5 -0.00701487 0.03102099 0.005451202 -0.00701487 0.0295999 0.01075482 -0.00701487 0.02727943 0.01573109 -0.00701487 0.02413004 0.0202288 -0.00701487 0.02024751 0.02411133 -0.00701487 0.01574975 0.02726072 -0.00701487 0.01077347 0.02958124 -0.00701487 0.005469799 0.03100234 -0.00701487 0 0.03148084 -0.00701487 -0.005469799 0.03100234 -0.00701487 -0.01077347 0.02958124 -0.00701487 -0.01574975 0.02726072 -0.00701487 -0.02024751 0.02411133 -0.00701487 -0.02413004 0.0202288 -0.00701487 -0.02727943 0.01573109 -0.00701487 -0.0295999 0.01075482 -0.00701487 -0.03102099 0.005451202 -0.00701487 -0.03149956 -1.86765e-5 -0.00701487 -0.03102099 -0.005488514 -0.00701487 -0.0295999 -0.01079219 -0.00701487 -0.02727943 -0.01576846 -0.00701487 -0.02413004 -0.02026617 -0.00701487 -0.02024751 -0.0241487 -0.00701487 -0.01574975 -0.02729809 -0.00701487 -0.01077347 -0.02961862 -0.00701487 -0.005469799 -0.03103971 -0.00701487 0 -0.03151822 -0.006014883 0 0.01573109 -0.006014883 -0.003769159 0.01527345 -0.006014883 -0.007319271 0.01392704 -0.006014883 -0.01044404 0.01177018 -0.006014883 -0.0129618 0.008928179 -0.006014883 -0.01472628 0.005566298 -0.006014883 -0.01563495 0.001879692 -0.006014883 -0.01563495 -0.001917064 -0.006014883 -0.01472628 -0.005603671 -0.006014883 -0.0129618 -0.008965551 -0.006014883 -0.01044404 -0.01180756 -0.006014883 -0.007319271 -0.01396441 -0.006014883 -0.003769159 -0.01531082 -0.006014883 0 -0.01576846 -0.006014883 0.003769159 -0.01531082 -0.006014883 0.007319271 -0.01396441 -0.006014883 0.01044404 -0.01180756 -0.006014883 0.0129618 -0.008965551 -0.006014883 0.01472628 -0.005603671 -0.006014883 0.01563495 -0.001917064 -0.006014883 0.01563495 0.001879692 -0.006014883 0.01472628 0.005566298 -0.006014883 0.0129618 0.008928179 -0.006014883 0.01044404 0.01177018 -0.006014883 0.007319271 0.01392704 -0.006014883 0.003769159 0.01527345 -0.001014947 0 0.01573109 -0.001014947 -0.003769159 0.01527345 -0.001014947 -0.007319271 0.01392704 -0.001014947 -0.01044404 0.01177018 -0.001014947 -0.0129618 0.008928179 -0.001014947 -0.01472628 0.005566298 -0.001014947 -0.01563495 0.001879692 -0.001014947 -0.01563495 -0.001917064 -0.001014947 -0.01472628 -0.005603671 -0.001014947 -0.0129618 -0.008965551 -0.001014947 -0.01044404 -0.01180756 -0.001014947 -0.007319271 -0.01396441 -0.001014947 -0.003769159 -0.01531082 -0.001014947 0 -0.01576846 -0.006014883 0 0.01573109 -0.006014883 -0.003769159 0.01527345 -0.006014883 -0.007319271 0.01392704 -0.006014883 -0.01044404 0.01177018 -0.006014883 -0.0129618 0.008928179 -0.006014883 -0.01472628 0.005566298 -0.006014883 -0.01563495 0.001879692 -0.006014883 -0.01563495 -0.001917064 -0.006014883 -0.01472628 -0.005603671 -0.006014883 -0.0129618 -0.008965551 -0.006014883 -0.01044404 -0.01180756 -0.006014883 -0.007319271 -0.01396441 -0.006014883 -0.003769159 -0.01531082 -0.006014883 0 -0.01576846 -0.006014883 0.003769159 -0.01531082 -0.006014883 0.007319271 -0.01396441 -0.006014883 0.01044404 -0.01180756 -0.006014883 0.0129618 -0.008965551 -0.006014883 0.01472628 -0.005603671 -0.006014883 0.01563495 -0.001917064 -0.006014883 0.01563495 0.001879692 -0.006014883 0.01472628 0.005566298 -0.006014883 0.0129618 0.008928179 -0.006014883 0.01044404 0.01177018 -0.006014883 0.007319271 0.01392704 -0.006014883 0.003769159 0.01527345 -0.006014883 0 0.01573109 -0.001014947 0 0.01573109 -0.001014947 0.003769159 -0.01531082 -0.001014947 0.007319271 -0.01396441 -0.001014947 0.01044404 -0.01180756 -0.001014947 0.0129618 -0.008965551 -0.001014947 0.01472628 -0.005603671 -0.001014947 0.01563495 -0.001917064 -0.001014947 0.01563495 0.001879692 -0.001014947 0.01472628 0.005566298 -0.001014947 0.0129618 0.008928179 -0.001014947 0.01044404 0.01177018 -0.001014947 0.007319271 0.01392704 -0.001014947 0.003769159 0.01527345 -0.006014883 0 0.02798092 -0.006014883 -7.17938e-4 0.02789378 -0.006014883 -0.001394093 0.0276373 -0.006014883 -0.001989305 0.02722638 -0.006014883 -0.002468883 0.02668517 -0.006014883 -0.002804994 0.02604478 -0.006014883 -0.002978086 0.02534252 -0.006014883 -0.002978086 0.0246194 -0.006014883 -0.002804994 0.02391713 -0.006014883 -0.002468883 0.02327674 -0.006014883 -0.001989305 0.02273553 -0.006014883 -0.001394093 0.02232462 -0.006014883 -7.17938e-4 0.02206814 -0.006014883 0 0.021981 -0.006014883 7.17938e-4 0.02206814 -0.006014883 0.001394093 0.02232462 -0.006014883 0.001989305 0.02273553 -0.006014883 0.002468883 0.02327674 -0.006014883 0.002804994 0.02391713 -0.006014883 0.002978086 0.0246194 -0.006014883 0.002978086 0.02534252 -0.006014883 0.002804994 0.02604478 -0.006014883 0.002468883 0.02668517 -0.006014883 0.001989305 0.02722638 -0.006014883 0.001394093 0.0276373 -0.006014883 7.17938e-4 0.02789378 -0.006014883 0 0.02798092 -0.006014883 -7.17938e-4 0.02789378 -0.006014883 -0.001394093 0.0276373 -0.006014883 -0.001989305 0.02722638 -0.006014883 -0.002468883 0.02668517 -0.006014883 -0.002804994 0.02604478 -0.006014883 -0.002978086 0.02534252 -0.006014883 -0.002978086 0.0246194 -0.006014883 -0.002804994 0.02391713 -0.006014883 -0.002468883 0.02327674 -0.006014883 -0.001989305 0.02273553 -0.006014883 -0.001394093 0.02232462 -0.006014883 -7.17938e-4 0.02206814 -0.006014883 0 0.021981 -0.006014883 7.17938e-4 0.02206814 -0.006014883 0.001394093 0.02232462 -0.006014883 0.001989305 0.02273553 -0.006014883 0.002468883 0.02327674 -0.006014883 0.002804994 0.02391713 -0.006014883 0.002978086 0.0246194 -0.006014883 0.002978086 0.02534252 -0.006014883 0.002804994 0.02604478 -0.006014883 0.002468883 0.02668517 -0.006014883 0.001989305 0.02722638 -0.006014883 0.001394093 0.0276373 -0.006014883 7.17938e-4 0.02789378 -0.006014883 0 0.02798092 -1.50144e-5 0 0.02798092 -1.50144e-5 7.17938e-4 0.02789378 -1.50144e-5 0.001394093 0.0276373 -1.50144e-5 0.001989305 0.02722638 -1.50144e-5 0.002468883 0.02668517 -1.50144e-5 0.002804994 0.02604478 -1.50144e-5 0.002978086 0.02534252 -1.50144e-5 0.002978086 0.0246194 -1.50144e-5 0.002804994 0.02391713 -1.50144e-5 0.002468883 0.02327674 -1.50144e-5 0.001989305 0.02273553 -1.50144e-5 0.001394093 0.02232462 -1.50144e-5 7.17938e-4 0.02206814 -1.50144e-5 0 0.021981 -1.50144e-5 -7.17938e-4 0.02206814 -1.50144e-5 -0.001394093 0.02232462 -1.50144e-5 -0.001989305 0.02273553 -1.50144e-5 -0.002468883 0.02327674 -1.50144e-5 -0.002804994 0.02391713 -1.50144e-5 -0.002978086 0.0246194 -1.50144e-5 -0.002978086 0.02534252 -1.50144e-5 -0.002804994 0.02604478 -1.50144e-5 -0.002468883 0.02668517 -1.50144e-5 -0.001989305 0.02722638 -1.50144e-5 -0.001394093 0.0276373 -1.50144e-5 -7.17938e-4 0.02789378 -1.50144e-5 0 0.02798092 -1.50144e-5 0.01767742 0.02065861 -1.50144e-5 0.01839536 0.02057147 -1.50144e-5 0.01907157 0.02031499 -1.50144e-5 0.01966673 0.01990425 -1.50144e-5 0.02014631 0.01936286 -1.50144e-5 0.02048242 0.01872247 -1.50144e-5 0.02065551 0.01802033 -1.50144e-5 0.02065551 0.01729708 -1.50144e-5 0.02048242 0.01659494 -1.50144e-5 0.02014631 0.01595461 -1.50144e-5 0.01966673 0.01541322 -1.50144e-5 0.01907157 0.01500242 -1.50144e-5 0.01839536 0.01474601 -1.50144e-5 0.01767742 0.01465868 -1.50144e-5 0.01695948 0.01474601 -1.50144e-5 0.01628327 0.01500242 -1.50144e-5 0.01568806 0.01541322 -1.50144e-5 0.01520848 0.01595461 -1.50144e-5 0.01487243 0.01659494 -1.50144e-5 0.01469933 0.01729708 -1.50144e-5 0.01469933 0.01802033 -1.50144e-5 0.01487243 0.01872247 -1.50144e-5 0.01520848 0.01936286 -1.50144e-5 0.01568806 0.01990425 -1.50144e-5 0.01628327 0.02031499 -1.50144e-5 0.01695948 0.02057147 -1.50144e-5 0.01767742 0.02065861 -0.009014844 0.01767742 0.02065861 -0.009014844 0.01695948 0.02057147 -0.009014844 0.01628327 0.02031499 -0.009014844 0.01568806 0.01990425 -0.009014844 0.01520848 0.01936286 -0.009014844 0.01487243 0.01872247 -0.009014844 0.01469933 0.01802033 -0.009014844 0.01469933 0.01729708 -0.009014844 0.01487243 0.01659494 -0.009014844 0.01520848 0.01595461 -0.009014844 0.01568806 0.01541322 -0.009014844 0.01628327 0.01500242 -0.009014844 0.01695948 0.01474601 -0.009014844 0.01767742 0.01465868 -0.009014844 0.01839536 0.01474601 -0.009014844 0.01907157 0.01500242 -0.009014844 0.01966673 0.01541322 -0.009014844 0.02014631 0.01595461 -0.009014844 0.02048242 0.01659494 -0.009014844 0.02065551 0.01729708 -0.009014844 0.02065551 0.01802033 -0.009014844 0.02048242 0.01872247 -0.009014844 0.02014631 0.01936286 -0.009014844 0.01966673 0.01990425 -0.009014844 0.01907157 0.02031499 -0.009014844 0.01839536 0.02057147 -0.009014844 0.01767742 0.02065861 -1.50144e-5 -0.02499967 0.002981245 -1.50144e-5 -0.02428174 0.002894103 -1.50144e-5 -0.02360552 0.002637624 -1.50144e-5 -0.02301031 0.002226769 -1.50144e-5 -0.02253073 0.0016855 -1.50144e-5 -0.02219462 0.001045107 -1.50144e-5 -0.02202159 3.42891e-4 -1.50144e-5 -0.02202159 -3.80244e-4 -1.50144e-5 -0.02219462 -0.001082479 -1.50144e-5 -0.02253073 -0.001722872 -1.50144e-5 -0.02301031 -0.002264082 -1.50144e-5 -0.02360552 -0.002674996 -1.50144e-5 -0.02428174 -0.002931475 -1.50144e-5 -0.02499967 -0.003018617 -1.50144e-5 -0.02571761 -0.002931475 -1.50144e-5 -0.02639383 -0.002674996 -1.50144e-5 -0.02698898 -0.002264082 -1.50144e-5 -0.02746856 -0.001722872 -1.50144e-5 -0.02780467 -0.001082479 -1.50144e-5 -0.02797776 -3.80244e-4 -1.50144e-5 -0.02797776 3.42891e-4 -1.50144e-5 -0.02780467 0.001045107 -1.50144e-5 -0.02746856 0.0016855 -1.50144e-5 -0.02698898 0.002226769 -1.50144e-5 -0.02639383 0.002637624 -1.50144e-5 -0.02571761 0.002894103 -1.50144e-5 -0.02499967 0.002981245 -0.009014844 -0.02499967 0.002981245 -0.009014844 -0.02571761 0.002894103 -0.009014844 -0.02639383 0.002637624 -0.009014844 -0.02698898 0.002226769 -0.009014844 -0.02746856 0.0016855 -0.009014844 -0.02780467 0.001045107 -0.009014844 -0.02797776 3.42891e-4 -0.009014844 -0.02797776 -3.80244e-4 -0.009014844 -0.02780467 -0.001082479 -0.009014844 -0.02746856 -0.001722872 -0.009014844 -0.02698898 -0.002264082 -0.009014844 -0.02639383 -0.002674996 -0.009014844 -0.02571761 -0.002931475 -0.009014844 -0.02499967 -0.003018617 -0.009014844 -0.02428174 -0.002931475 -0.009014844 -0.02360552 -0.002674996 -0.009014844 -0.02301031 -0.002264082 -0.009014844 -0.02253073 -0.001722872 -0.009014844 -0.02219462 -0.001082479 -0.009014844 -0.02202159 -3.80244e-4 -0.009014844 -0.02202159 3.42891e-4 -0.009014844 -0.02219462 0.001045107 -0.009014844 -0.02253073 0.0016855 -0.009014844 -0.02301031 0.002226769 -0.009014844 -0.02360552 0.002637624 -0.009014844 -0.02428174 0.002894103 -0.009014844 -0.02499967 0.002981245 -1.50144e-5 -0.01767742 -0.01469606 -1.50144e-5 -0.01695948 -0.01478332 -1.50144e-5 -0.01628327 -0.0150398 -1.50144e-5 -0.01568806 -0.01545059 -1.50144e-5 -0.01520848 -0.01599192 -1.50144e-5 -0.01487243 -0.01663231 -1.50144e-5 -0.01469933 -0.01733446 -1.50144e-5 -0.01469933 -0.0180577 -1.50144e-5 -0.01487243 -0.01875984 -1.50144e-5 -0.01520848 -0.01940023 -1.50144e-5 -0.01568806 -0.01994162 -1.50144e-5 -0.01628327 -0.02035236 -1.50144e-5 -0.01695948 -0.02060884 -1.50144e-5 -0.01767742 -0.02069598 -1.50144e-5 -0.01839536 -0.02060884 -1.50144e-5 -0.01907157 -0.02035236 -1.50144e-5 -0.01966673 -0.01994162 -1.50144e-5 -0.02014631 -0.01940023 -1.50144e-5 -0.02048242 -0.01875984 -1.50144e-5 -0.02065551 -0.0180577 -1.50144e-5 -0.02065551 -0.01733446 -1.50144e-5 -0.02048242 -0.01663231 -1.50144e-5 -0.02014631 -0.01599192 -1.50144e-5 -0.01966673 -0.01545059 -1.50144e-5 -0.01907157 -0.0150398 -1.50144e-5 -0.01839536 -0.01478332 -1.50144e-5 -0.01767742 -0.01469606 -0.009014844 -0.01767742 -0.01469606 -0.009014844 -0.01839536 -0.01478332 -0.009014844 -0.01907157 -0.0150398 -0.009014844 -0.01966673 -0.01545059 -0.009014844 -0.02014631 -0.01599192 -0.009014844 -0.02048242 -0.01663231 -0.009014844 -0.02065551 -0.01733446 -0.009014844 -0.02065551 -0.0180577 -0.009014844 -0.02048242 -0.01875984 -0.009014844 -0.02014631 -0.01940023 -0.009014844 -0.01966673 -0.01994162 -0.009014844 -0.01907157 -0.02035236 -0.009014844 -0.01839536 -0.02060884 -0.009014844 -0.01767742 -0.02069598 -0.009014844 -0.01695948 -0.02060884 -0.009014844 -0.01628327 -0.02035236 -0.009014844 -0.01568806 -0.01994162 -0.009014844 -0.01520848 -0.01940023 -0.009014844 -0.01487243 -0.01875984 -0.009014844 -0.01469933 -0.0180577 -0.009014844 -0.01469933 -0.01733446 -0.009014844 -0.01487243 -0.01663231 -0.009014844 -0.01520848 -0.01599192 -0.009014844 -0.01568806 -0.01545059 -0.009014844 -0.01628327 -0.0150398 -0.009014844 -0.01695948 -0.01478332 -0.009014844 -0.01767742 -0.01469606 -1.50144e-5 -0.01767742 0.02065861 -1.50144e-5 -0.01695948 0.02057147 -1.50144e-5 -0.01628327 0.02031499 -1.50144e-5 -0.01568806 0.01990425 -1.50144e-5 -0.01520848 0.01936286 -1.50144e-5 -0.01487243 0.01872247 -1.50144e-5 -0.01469933 0.01802033 -1.50144e-5 -0.01469933 0.01729708 -1.50144e-5 -0.01487243 0.01659494 -1.50144e-5 -0.01520848 0.01595461 -1.50144e-5 -0.01568806 0.01541322 -1.50144e-5 -0.01628327 0.01500242 -1.50144e-5 -0.01695948 0.01474601 -1.50144e-5 -0.01767742 0.01465868 -1.50144e-5 -0.01839536 0.01474601 -1.50144e-5 -0.01907157 0.01500242 -1.50144e-5 -0.01966673 0.01541322 -1.50144e-5 -0.02014631 0.01595461 -1.50144e-5 -0.02048242 0.01659494 -1.50144e-5 -0.02065551 0.01729708 -1.50144e-5 -0.02065551 0.01802033 -1.50144e-5 -0.02048242 0.01872247 -1.50144e-5 -0.02014631 0.01936286 -1.50144e-5 -0.01966673 0.01990425 -1.50144e-5 -0.01907157 0.02031499 -1.50144e-5 -0.01839536 0.02057147 -1.50144e-5 -0.01767742 0.02065861 -0.009014844 -0.01767742 0.02065861 -0.009014844 -0.01839536 0.02057147 -0.009014844 -0.01907157 0.02031499 -0.009014844 -0.01966673 0.01990425 -0.009014844 -0.02014631 0.01936286 -0.009014844 -0.02048242 0.01872247 -0.009014844 -0.02065551 0.01802033 -0.009014844 -0.02065551 0.01729708 -0.009014844 -0.02048242 0.01659494 -0.009014844 -0.02014631 0.01595461 -0.009014844 -0.01966673 0.01541322 -0.009014844 -0.01907157 0.01500242 -0.009014844 -0.01839536 0.01474601 -0.009014844 -0.01767742 0.01465868 -0.009014844 -0.01695948 0.01474601 -0.009014844 -0.01628327 0.01500242 -0.009014844 -0.01568806 0.01541322 -0.009014844 -0.01520848 0.01595461 -0.009014844 -0.01487243 0.01659494 -0.009014844 -0.01469933 0.01729708 -0.009014844 -0.01469933 0.01802033 -0.009014844 -0.01487243 0.01872247 -0.009014844 -0.01520848 0.01936286 -0.009014844 -0.01568806 0.01990425 -0.009014844 -0.01628327 0.02031499 -0.009014844 -0.01695948 0.02057147 -0.009014844 -0.01767742 0.02065861 -1.50144e-5 0 -0.02201837 -1.50144e-5 7.17938e-4 -0.02210551 -1.50144e-5 0.001394093 -0.02236199 -1.50144e-5 0.001989305 -0.02277284 -1.50144e-5 0.002468883 -0.02331411 -1.50144e-5 0.002804994 -0.02395451 -1.50144e-5 0.002978086 -0.02465677 -1.50144e-5 0.002978086 -0.02537989 -1.50144e-5 0.002804994 -0.02608215 -1.50144e-5 0.002468883 -0.02672249 -1.50144e-5 0.001989305 -0.02726376 -1.50144e-5 0.001394093 -0.02767467 -1.50144e-5 7.17938e-4 -0.02793109 -1.50144e-5 0 -0.02801829 -1.50144e-5 -7.17938e-4 -0.02793109 -1.50144e-5 -0.001394093 -0.02767467 -1.50144e-5 -0.001989305 -0.02726376 -1.50144e-5 -0.002468883 -0.02672249 -1.50144e-5 -0.002804994 -0.02608215 -1.50144e-5 -0.002978086 -0.02537989 -1.50144e-5 -0.002978086 -0.02465677 -1.50144e-5 -0.002804994 -0.02395451 -1.50144e-5 -0.002468883 -0.02331411 -1.50144e-5 -0.001989305 -0.02277284 -1.50144e-5 -0.001394093 -0.02236199 -1.50144e-5 -7.17938e-4 -0.02210551 -1.50144e-5 0 -0.02201837 -0.009014844 0 -0.02201837 -0.009014844 -7.17938e-4 -0.02210551 -0.009014844 -0.001394093 -0.02236199 -0.009014844 -0.001989305 -0.02277284 -0.009014844 -0.002468883 -0.02331411 -0.009014844 -0.002804994 -0.02395451 -0.009014844 -0.002978086 -0.02465677 -0.009014844 -0.002978086 -0.02537989 -0.009014844 -0.002804994 -0.02608215 -0.009014844 -0.002468883 -0.02672249 -0.009014844 -0.001989305 -0.02726376 -0.009014844 -0.001394093 -0.02767467 -0.009014844 -7.17938e-4 -0.02793109 -0.009014844 0 -0.02801829 -0.009014844 7.17938e-4 -0.02793109 -0.009014844 0.001394093 -0.02767467 -0.009014844 0.001989305 -0.02726376 -0.009014844 0.002468883 -0.02672249 -0.009014844 0.002804994 -0.02608215 -0.009014844 0.002978086 -0.02537989 -0.009014844 0.002978086 -0.02465677 -0.009014844 0.002804994 -0.02395451 -0.009014844 0.002468883 -0.02331411 -0.009014844 0.001989305 -0.02277284 -0.009014844 0.001394093 -0.02236199 -0.009014844 7.17938e-4 -0.02210551 -0.009014844 0 -0.02201837 -1.50144e-5 0.01767742 -0.01469606 -1.50144e-5 0.01839536 -0.01478332 -1.50144e-5 0.01907157 -0.0150398 -1.50144e-5 0.01966673 -0.01545059 -1.50144e-5 0.02014631 -0.01599192 -1.50144e-5 0.02048242 -0.01663231 -1.50144e-5 0.02065551 -0.01733446 -1.50144e-5 0.02065551 -0.0180577 -1.50144e-5 0.02048242 -0.01875984 -1.50144e-5 0.02014631 -0.01940023 -1.50144e-5 0.01966673 -0.01994162 -1.50144e-5 0.01907157 -0.02035236 -1.50144e-5 0.01839536 -0.02060884 -1.50144e-5 0.01767742 -0.02069598 -1.50144e-5 0.01695948 -0.02060884 -1.50144e-5 0.01628327 -0.02035236 -1.50144e-5 0.01568806 -0.01994162 -1.50144e-5 0.01520848 -0.01940023 -1.50144e-5 0.01487243 -0.01875984 -1.50144e-5 0.01469933 -0.0180577 -1.50144e-5 0.01469933 -0.01733446 -1.50144e-5 0.01487243 -0.01663231 -1.50144e-5 0.01520848 -0.01599192 -1.50144e-5 0.01568806 -0.01545059 -1.50144e-5 0.01628327 -0.0150398 -1.50144e-5 0.01695948 -0.01478332 -1.50144e-5 0.01767742 -0.01469606 -0.009014844 0.01767742 -0.01469606 -0.009014844 0.01695948 -0.01478332 -0.009014844 0.01628327 -0.0150398 -0.009014844 0.01568806 -0.01545059 -0.009014844 0.01520848 -0.01599192 -0.009014844 0.01487243 -0.01663231 -0.009014844 0.01469933 -0.01733446 -0.009014844 0.01469933 -0.0180577 -0.009014844 0.01487243 -0.01875984 -0.009014844 0.01520848 -0.01940023 -0.009014844 0.01568806 -0.01994162 -0.009014844 0.01628327 -0.02035236 -0.009014844 0.01695948 -0.02060884 -0.009014844 0.01767742 -0.02069598 -0.009014844 0.01839536 -0.02060884 -0.009014844 0.01907157 -0.02035236 -0.009014844 0.01966673 -0.01994162 -0.009014844 0.02014631 -0.01940023 -0.009014844 0.02048242 -0.01875984 -0.009014844 0.02065551 -0.0180577 -0.009014844 0.02065551 -0.01733446 -0.009014844 0.02048242 -0.01663231 -0.009014844 0.02014631 -0.01599192 -0.009014844 0.01966673 -0.01545059 -0.009014844 0.01907157 -0.0150398 -0.009014844 0.01839536 -0.01478332 -0.009014844 0.01767742 -0.01469606 -1.50144e-5 0.02499967 0.002981245 -1.50144e-5 0.02571761 0.002894103 -1.50144e-5 0.02639383 0.002637624 -1.50144e-5 0.02698898 0.002226769 -1.50144e-5 0.02746856 0.0016855 -1.50144e-5 0.02780467 0.001045107 -1.50144e-5 0.02797776 3.42891e-4 -1.50144e-5 0.02797776 -3.80244e-4 -1.50144e-5 0.02780467 -0.001082479 -1.50144e-5 0.02746856 -0.001722872 -1.50144e-5 0.02698898 -0.002264082 -1.50144e-5 0.02639383 -0.002674996 -1.50144e-5 0.02571761 -0.002931475 -1.50144e-5 0.02499967 -0.003018617 -1.50144e-5 0.02428174 -0.002931475 -1.50144e-5 0.02360552 -0.002674996 -1.50144e-5 0.02301031 -0.002264082 -1.50144e-5 0.02253073 -0.001722872 -1.50144e-5 0.02219462 -0.001082479 -1.50144e-5 0.02202159 -3.80244e-4 -1.50144e-5 0.02202159 3.42891e-4 -1.50144e-5 0.02219462 0.001045107 -1.50144e-5 0.02253073 0.0016855 -1.50144e-5 0.02301031 0.002226769 -1.50144e-5 0.02360552 0.002637624 -1.50144e-5 0.02428174 0.002894103 -1.50144e-5 0.02499967 0.002981245 -0.009014844 0.02499967 0.002981245 -0.009014844 0.02428174 0.002894103 -0.009014844 0.02360552 0.002637624 -0.009014844 0.02301031 0.002226769 -0.009014844 0.02253073 0.0016855 -0.009014844 0.02219462 0.001045107 -0.009014844 0.02202159 3.42891e-4 -0.009014844 0.02202159 -3.80244e-4 -0.009014844 0.02219462 -0.001082479 -0.009014844 0.02253073 -0.001722872 -0.009014844 0.02301031 -0.002264082 -0.009014844 0.02360552 -0.002674996 -0.009014844 0.02428174 -0.002931475 -0.009014844 0.02499967 -0.003018617 -0.009014844 0.02571761 -0.002931475 -0.009014844 0.02639383 -0.002674996 -0.009014844 0.02698898 -0.002264082 -0.009014844 0.02746856 -0.001722872 -0.009014844 0.02780467 -0.001082479 -0.009014844 0.02797776 -3.80244e-4 -0.009014844 0.02797776 3.42891e-4 -0.009014844 0.02780467 0.001045107 -0.009014844 0.02746856 0.0016855 -0.009014844 0.02698898 0.002226769 -0.009014844 0.02639383 0.002637624 -0.009014844 0.02571761 0.002894103 -0.009014844 0.02499967 0.002981245 -0.001014947 0 0.01573109 -0.001014947 -0.003769159 0.01527345 -0.001014947 -0.007319271 0.01392704 -0.001014947 -0.01044404 0.01177018 -0.001014947 -0.0129618 0.008928179 -0.001014947 -0.01472628 0.005566298 -0.001014947 -0.01563495 0.001879692 -0.001014947 -0.01563495 -0.001917064 -0.001014947 -0.01472628 -0.005603671 -0.001014947 -0.0129618 -0.008965551 -0.001014947 -0.01044404 -0.01180756 -0.001014947 -0.007319271 -0.01396441 -0.001014947 -0.003769159 -0.01531082 -0.001014947 0 -0.01576846 -1.50144e-5 0 -0.01634579 -1.50144e-5 -0.003907322 -0.01587134 -1.50144e-5 -0.007587552 -0.01447558 -1.50144e-5 -0.01082688 -0.01223969 -1.50144e-5 -0.01343697 -0.009293556 -1.50144e-5 -0.01526612 -0.005808353 -1.50144e-5 -0.01620805 -0.001986622 -1.50144e-5 -0.01620805 0.00194931 -1.50144e-5 -0.01526612 0.005770981 -1.50144e-5 -0.01343697 0.009256184 -1.50144e-5 -0.01082688 0.01220232 -1.50144e-5 -0.007587552 0.01443827 -1.50144e-5 -0.003907322 0.01583397 -1.50144e-5 0 0.01630848 -1.50144e-5 0.003907322 0.01583397 -1.50144e-5 0.007587552 0.01443827 -1.50144e-5 0.01082688 0.01220232 -1.50144e-5 0.01343697 0.009256184 -1.50144e-5 0.01526612 0.005770981 -1.50144e-5 0.01620805 0.00194931 -1.50144e-5 0.01620805 -0.001986622 -1.50144e-5 0.01526612 -0.005808353 -1.50144e-5 0.01343697 -0.009293556 -1.50144e-5 0.01082688 -0.01223969 -1.50144e-5 0.007587552 -0.01447558 -1.50144e-5 0.003907322 -0.01587134 -1.50144e-5 0 -0.01634579 -0.001014947 0 -0.01576846 -0.001014947 0.003769159 -0.01531082 -0.001014947 0.007319271 -0.01396441 -0.001014947 0.01044404 -0.01180756 -0.001014947 0.0129618 -0.008965551 -0.001014947 0.01472628 -0.005603671 -0.001014947 0.01563495 -0.001917064 -0.001014947 0.01563495 0.001879692 -0.001014947 0.01472628 0.005566298 -0.001014947 0.0129618 0.008928179 -0.001014947 0.01044404 0.01177018 -0.001014947 0.007319271 0.01392704 -0.001014947 0.003769159 0.01527345 -0.001014947 0 -0.03151822 -0.001014947 -0.005469799 -0.03103971 -0.001014947 -0.01077347 -0.02961862 -0.001014947 -0.01574975 -0.02729809 -0.001014947 -0.02024751 -0.0241487 -0.001014947 -0.02413004 -0.02026617 -0.001014947 -0.02727943 -0.01576846 -0.001014947 -0.0295999 -0.01079219 -0.001014947 -0.03102099 -0.005488514 -0.001014947 -0.03149956 -1.86765e-5 -0.001014947 -0.03102099 0.005451202 -0.001014947 -0.0295999 0.01075482 -0.001014947 -0.02727943 0.01573109 -0.001014947 -0.02413004 0.0202288 -0.001014947 -0.02024751 0.02411133 -0.001014947 -0.01574975 0.02726072 -0.001014947 -0.01077347 0.02958124 -0.001014947 -0.005469799 0.03100234 -0.001014947 0 0.03148084 -0.001014947 0.005469799 0.03100234 -0.001014947 0.01077347 0.02958124 -0.001014947 0.01574975 0.02726072 -0.001014947 0.02024751 0.02411133 -0.001014947 0.02413004 0.0202288 -0.001014947 0.02727943 0.01573109 -0.001014947 0.0295999 0.01075482 -0.001014947 0.03102099 0.005451202 -0.001014947 0.03149956 -1.86765e-5 -0.001014947 0.03102099 -0.005488514 -0.001014947 0.0295999 -0.01079219 -0.001014947 0.02727943 -0.01576846 -0.001014947 0.02413004 -0.02026617 -0.001014947 0.02024751 -0.0241487 -0.001014947 0.01574975 -0.02729809 -0.001014947 0.01077347 -0.02961862 -0.001014947 0.005469799 -0.03103971 -0.001014947 0 -0.03151822 -1.50144e-5 0 -0.03094083 -1.50144e-5 0 -0.03094083 -1.50144e-5 0.005369544 -0.03047114 -1.50144e-5 0.010576 -0.02907598 -1.50144e-5 0.01546108 -0.02679806 -1.50144e-5 0.01987642 -0.02370643 -1.50144e-5 0.02368777 -0.01989507 -1.50144e-5 0.02677941 -0.01547974 -1.50144e-5 0.02905738 -0.01059466 -1.50144e-5 0.03045243 -0.0053882 -1.50144e-5 0.03092223 -1.86765e-5 -1.50144e-5 0.03045243 0.005350828 -1.50144e-5 0.02905738 0.01055735 -1.50144e-5 0.02677941 0.01544237 -1.50144e-5 0.02368777 0.01985776 -1.50144e-5 0.01987642 0.02366906 -1.50144e-5 0.01546108 0.02676069 -1.50144e-5 0.010576 0.02903866 -1.50144e-5 0.005369544 0.03043377 -1.50144e-5 0 0.03090345 -1.50144e-5 -0.005369544 0.03043377 -1.50144e-5 -0.010576 0.02903866 -1.50144e-5 -0.01546108 0.02676069 -1.50144e-5 -0.01987642 0.02366906 -1.50144e-5 -0.02368777 0.01985776 -1.50144e-5 -0.02677941 0.01544237 -1.50144e-5 -0.02905738 0.01055735 -1.50144e-5 -0.03045243 0.005350828 -1.50144e-5 -0.03092223 -1.86765e-5 -1.50144e-5 -0.03045243 -0.0053882 -1.50144e-5 -0.02905738 -0.01059466 -1.50144e-5 -0.02677941 -0.01547974 -1.50144e-5 -0.02368777 -0.01989507 -1.50144e-5 -0.01987642 -0.02370643 -1.50144e-5 -0.01546108 -0.02679806 -1.50144e-5 -0.010576 -0.02907598 -1.50144e-5 -0.005369544 -0.03047114 -0.01401478 0 0.01498109 -0.01401478 0.00358963 0.0145452 -0.01401478 0.006970703 0.01326298 -0.01401478 0.009946703 0.01120883 -0.01401478 0.01234459 0.008502185 -0.01401478 0.01402503 0.005300343 -0.01401478 0.01489043 0.001789391 -0.01401478 0.01489043 -0.001826703 -0.01401478 0.01402503 -0.005337655 -0.01401478 0.01234459 -0.008539557 -0.01401478 0.009946703 -0.01124614 -0.01401478 0.006970703 -0.01330035 -0.01401478 0.00358963 -0.01458251 -0.01401478 0 -0.01501846 -0.01401478 -0.00358963 -0.01458251 -0.01401478 -0.006970703 -0.01330035 -0.01401478 -0.009946703 -0.01124614 -0.01401478 -0.01234459 -0.008539557 -0.01401478 -0.01402503 -0.005337655 -0.01401478 -0.01489043 -0.001826703 -0.01401478 -0.01489043 0.001789391 -0.01401478 -0.01402503 0.005300343 -0.01401478 -0.01234459 0.008502185 -0.01401478 -0.009946703 0.01120883 -0.01401478 -0.006970703 0.01326298 -0.01401478 -0.00358963 0.0145452 -0.01401478 0 0.01498109 -0.01401478 0.00358963 0.0145452 -0.01401478 0.006970703 0.01326298 -0.01401478 0.009946703 0.01120883 -0.01401478 0.01234459 0.008502185 -0.01401478 0.01402503 0.005300343 -0.01401478 0.01489043 0.001789391 -0.01401478 0.01489043 -0.001826703 -0.01401478 0.01402503 -0.005337655 -0.01401478 0.01234459 -0.008539557 -0.01401478 0.009946703 -0.01124614 -0.01401478 0.006970703 -0.01330035 -0.01401478 0.00358963 -0.01458251 -0.01401478 0 -0.01501846 -0.01401478 -0.00358963 -0.01458251 -0.01401478 -0.006970703 -0.01330035 -0.01401478 -0.009946703 -0.01124614 -0.01401478 -0.01234459 -0.008539557 -0.01401478 -0.01402503 -0.005337655 -0.01401478 -0.01489043 -0.001826703 -0.01401478 -0.01489043 0.001789391 -0.01401478 -0.01402503 0.005300343 -0.01401478 -0.01234459 0.008502185 -0.01401478 -0.009946703 0.01120883 -0.01401478 -0.006970703 0.01326298 -0.01401478 -0.00358963 0.0145452 -0.01401478 0 0.01498109 -0.009014844 0 0.01498109 -0.009014844 0.00358963 0.0145452 -0.009014844 0.006970703 0.01326298 -0.009014844 0.009946703 0.01120883 -0.009014844 0.01234459 0.008502185 -0.009014844 0.01402503 0.005300343 -0.009014844 0.01489043 0.001789391 -0.009014844 0.01489043 -0.001826703 -0.009014844 0.01402503 -0.005337655 -0.009014844 0.01234459 -0.008539557 -0.009014844 0.009946703 -0.01124614 -0.009014844 0.006970703 -0.01330035 -0.009014844 0.00358963 -0.01458251 -0.009014844 0 -0.01501846 -0.009014844 -0.00358963 -0.01458251 -0.009014844 -0.006970703 -0.01330035 -0.009014844 -0.009946703 -0.01124614 -0.009014844 -0.01234459 -0.008539557 -0.009014844 -0.01402503 -0.005337655 -0.009014844 -0.01489043 -0.001826703 -0.009014844 -0.01489043 0.001789391 -0.009014844 -0.01402503 0.005300343 -0.009014844 -0.01234459 0.008502185 -0.009014844 -0.009946703 0.01120883 -0.009014844 -0.006970703 0.01326298 -0.009014844 -0.00358963 0.0145452 -0.009014844 0 0.01498109</float_array>
          <technique_common>
            <accessor source="#COMPOUND-mesh-positions-array" count="1484" stride="3">
              <param name="X" type="float"/>
              <param name="Y" type="float"/>
              <param name="Z" type="float"/>
            </accessor>
          </technique_common>
        </source>
        <source id="COMPOUND-mesh-normals">
          <float_array id="COMPOUND-mesh-normals-array" count="3645">0 -0.1689978 -0.9856165 -4.05084e-6 1.09524e-6 -1 0 -0.1689979 -0.9856164 4.07005e-6 1.11759e-6 -1 0 -0.3331443 -0.9428759 0 -0.3331443 -0.9428759 0 -0.4876965 -0.8730134 0 -0.6282212 -0.7780348 0 -0.7506716 -0.6606757 0 -0.7506716 -0.6606757 0 -0.8515273 -0.5243103 0 -0.8515275 -0.5243102 0 -0.9278895 -0.3728554 0 -0.9278895 -0.3728555 0 -0.9775555 -0.2106779 0 -0.9775556 -0.2106779 0 -0.999099 -0.0424413 0 -0.999099 -0.04244142 0 -0.9919005 0.1270179 0 -0.9919004 0.1270181 0 -0.9561661 0.2928252 0 -0.956166 0.2928254 0 -0.892925 0.4502057 0 -0.892925 0.4502056 0 -0.8039991 0.5946305 0 -0.8039991 0.5946305 0 -0.6919431 0.721952 0 -0.6919432 0.721952 0 -0.559971 0.8285122 0 -0.5599711 0.8285122 0 -0.4118987 0.9112296 0 -0.4118989 0.9112297 0 -0.2519769 0.9677334 0 -0.2519769 0.9677333 0 -0.08480072 0.996398 0 -0.08480072 0.996398 0 0.08480077 0.996398 0 0.2519769 0.9677334 0 0.2519768 0.9677334 0 0.4118989 0.9112297 0 0.4118987 0.9112296 0 0.559971 0.8285122 0 0.5599709 0.8285123 0 0.6919432 0.721952 0 0.6919432 0.7219519 0 0.8039991 0.5946305 0 0.8039991 0.5946305 0 0.892925 0.4502056 0 0.892925 0.4502057 0 0.9561661 0.2928252 0 0.9561659 0.2928254 0 0.9919005 0.127018 0 0.9919005 0.127018 0 0.999099 -0.0424413 0 0.999099 -0.04244142 0 0.9775556 -0.2106779 0 0.9775555 -0.2106779 0 0.9278895 -0.3728554 0 0.9278895 -0.3728556 0 0.8515273 -0.5243104 0 0.8515274 -0.5243104 0 0.7506715 -0.6606758 0 0.7506716 -0.6606757 0 0.6282212 -0.7780348 0 0.6282214 -0.7780348 0 0.4876965 -0.8730133 0 0.4876966 -0.8730133 0 0.3331442 -0.9428759 0 0.3331442 -0.942876 0 0.1689978 -0.9856164 0 0.1689979 -0.9856165 4.05084e-6 -1.02818e-6 -1 -4.07005e-6 -9.90927e-7 -1 1 3.39116e-7 0 1 0 0 1 -3.13668e-7 0 1 -2.35672e-7 0 1 3.40126e-7 0 1 1.5745e-7 0 1 -3.12903e-7 0 1 2.36759e-7 0 1 1.70323e-7 0 1 1.58796e-7 0 1 1.59368e-7 0 1 -1.59998e-7 0 1 1.56451e-7 0 1 -3.40126e-7 0 1 -3.21378e-7 0 1 0 0 1 -1.61451e-7 0 1 2.98965e-7 0 1 -3.39117e-7 0 1 2.35672e-7 0 1 -3.38432e-7 0 1 -1.5745e-7 0 1 0 0 1 3.3762e-7 0 1 -2.36759e-7 0 1 3.36684e-7 0 1 1.60649e-7 0 1 -3.3563e-7 0 1 -1.58796e-7 0 1 -1.60649e-7 0 1 -1.59368e-7 0 1 6.42757e-7 0 -1 0 0 -1 1.82821e-6 0 -1 -2.04559e-6 0 -1 -1.98905e-6 0 -0.9999999 4.79384e-4 0 -0.9999999 4.79384e-4 0 -0.9999999 4.79384e-4 0 -0.9999999 -4.79384e-4 0 -0.9999999 -4.79384e-4 0 -0.9999999 -4.79384e-4 0 -1 0 0 -1 0 0 -1 -1.66969e-6 0 -1 -2.36657e-7 0 -1 0 0 -1 -1.5497e-6 0 -1 -3.3479e-4 0 -1 -3.3479e-4 0 -1 -3.3479e-4 0 -1 1.52791e-6 0 -1 -2.33961e-6 0 -1 -1.21337e-7 0 -1 1.89388e-7 0 -1 1.34126e-6 0 -1 -1.39111e-6 0 -1 1.57975e-6 0 -1 -7.09908e-7 0 -1 -5.35222e-7 0 -1 0 0 -1 1.32609e-6 0 -1 2.78269e-7 0 -1 -1.48495e-7 0 -1 6.50833e-7 0 -1 -3.95158e-7 0 -1 -1.43514e-7 0 -1 0 0 -1 1.42483e-7 0 -1 -7.2831e-7 0 -1 1.09911e-6 0 -1 -3.22731e-7 0 -1 -1.73819e-7 0 -1 3.21262e-7 0 -1 2.72153e-7 0 -1 1.73819e-7 0 -1 0 0 -1 -1.43514e-7 0 -1 1.57339e-7 0 -1 6.90101e-7 0 -1 0 0 -1 0 0 -1 4.79215e-7 0 -1 0 0 -1 1.05044e-6 0 -1 1.66969e-6 0 -1 1.27244e-7 0 -1 -1.60631e-7 0 -0.9999999 -4.79384e-4 0 -0.9999999 -4.79384e-4 0 -0.9999999 -4.79384e-4 0 -1 0 0 -1 -1.52791e-6 0 -0.9999999 4.79384e-4 0 -0.9999999 4.79384e-4 0 -0.9999999 4.79384e-4 0 -1 2.27375e-6 0 -1 -1.32672e-7 0 -1 -1.30167e-6 0 -1 0 0 -1 -2.11829e-7 0 -0.9999999 -4.79384e-4 0 -0.9999999 -4.79384e-4 0 -0.9999999 -4.79384e-4 0 -1 -1.39134e-7 0 -1 1.49179e-6 0 -1 -1.82821e-6 0 -1 1.32609e-6 0 -1 1.41982e-6 0 -1 -5.67958e-7 0 -1 7.09908e-7 0 -1 2.04559e-6 0 -1 -1.32609e-6 0 -1 0 0 -1 5.35222e-7 0 -1 1.18503e-6 0 -1 -1.24562e-6 0 -1 1.17493e-6 0 -1 -1.13895e-6 0 -1 8.90971e-7 0 -1 -2.29824e-7 0 -1 7.2831e-7 0 -1 -2.01706e-7 0 -1 3.80876e-7 0 -1 3.36476e-4 0 -1 3.36476e-4 0 -1 3.36476e-4 0 -1 -9.47037e-7 0 -1 -2.72153e-7 0 -1 -1.94302e-7 0 -1 5.74589e-7 0 -1 -1.42483e-7 0 -1 2.33961e-6 0 -1 0 0 -1 -2.8801e-7 0 -1 3.3479e-4 0 -1 3.3479e-4 0 -1 3.3479e-4 0 -1 -1.52791e-6 0 -1 -5.29735e-7 0 -1 -3.3307e-4 0 -1 -3.3307e-4 0 -1 -3.3307e-4 0 -1 7.65988e-7 0 -1 0 0 -1 0 0 -1 1.5497e-6 0 -1 2.89562e-6 0 -1 5.29735e-7 0 -1 -2.89562e-6 0 -1 -2.49876e-6 0 -1 -2.72153e-7 0 -1 1.94302e-7 0 -1 -1.09145e-6 0 -1 7.6493e-7 0 -1 0 0 -1 1.71894e-7 0 -1 2.00081e-7 0 -1 -2.09525e-7 0 -1 1.20953e-7 0 -1 4.25968e-7 0 -1 -1.41982e-6 0 -1 -2.65218e-6 0 -1 -1.18796e-6 0 -1 1.32672e-7 0 -1 1.30166e-6 0 -1 0 0 -1 -2.27375e-6 0 -1 5.06128e-7 0 -1 1.23804e-6 0 -1 -2.24489e-7 0 -1 -1.23804e-6 0 -1 -5.06128e-7 0 -1 2.88012e-7 0 -1 -7.66119e-7 0 -1 1.52791e-6 0 -1 -1.05044e-6 0 -1 -4.78744e-7 0 -1 2.36657e-7 0 -1 2.42674e-7 0 -1 -6.90101e-7 0 -1 0 0 -1 -7.6493e-7 0 -1 1.09145e-6 0 -1 2.24489e-7 0 -1 -1.89388e-7 0 -1 -9.87345e-7 0 -1 1.47806e-6 0 -1 -8.3829e-7 0 -1 -2.66587e-7 0 -1 -4.79215e-7 0 -1 3.22731e-7 0 -1 -1.09911e-6 0 -1 0 0 -1 -3.36476e-4 0 -1 -3.36476e-4 0 -1 -3.36476e-4 0 -1 -3.80876e-7 0 -1 9.47037e-7 0 -1 1.59777e-7 0 -1 -1.17493e-6 0 -1 1.24562e-6 0 -1 -1.18503e-6 0 -1 2.25877e-7 0 -1 -6.61149e-7 0 -1 -4.70969e-7 0 -1 0 0 1 0 0 1 0 0 1 0 0 1 0 0 1 0 0 1 0 0 1 3.35569e-4 0 1 3.35569e-4 0 1 3.35569e-4 0 1 0 0 1 0 0 1 0 0 1 0 0 1 0 0 1 0 0 1 0 0 1 0 0 1 0 0 1 0 0 1 0 0 1 0 0 1 0 0 1 0 0 1 0 0 1 3.35565e-4 0 1 3.35565e-4 0 1 3.35565e-4 0 1 0 0 1 0 0 1 0 0 1 0 0 1 0 0 1 0 0 1 0 0 1 0 0 1 0 0 1 0 0 1 0 0 1 0 0 1 3.3557e-4 0 1 3.3557e-4 0 1 3.3557e-4 0 1 0 0 0.9999999 -4.79382e-4 0 0.9999999 -4.79382e-4 0 0.9999999 -4.79382e-4 0 1 0 0 1 0 0 1 0 0 1 0 0 0.9999999 -4.79383e-4 0 0.9999999 -4.79383e-4 0 0.9999999 -4.79383e-4 0 1 0 0 1 0 0 1 0 0 1 0 0 1 0 0 1 0 0 1 0 0 1 0 0 1 0 0 1 0 0 0.9999999 4.79383e-4 0 0.9999999 4.79383e-4 0 0.9999999 4.79383e-4 0 1 0 0 1 0 0 1 0 0 1 0 0 1 0 0 1 -3.3557e-4 0 1 -3.3557e-4 0 1 -3.3557e-4 0 1 0 0 1 -3.35569e-4 0 1 -3.35569e-4 0 1 -3.35569e-4 0 1 0 0 1 0 0 1 0 0 1 0 0 1 0 0 1 0 0 0.9999999 -4.79378e-4 0 0.9999999 -4.79378e-4 0 0.9999999 -4.79378e-4 0 1 0 0 1 3.35564e-4 0 1 3.35564e-4 0 1 3.35564e-4 0 1 0 0 1 0 0 1 0 0 1 0 0 1 0 0 1 0 0 1 0 0 1 0 0 1 0 0 1 0 0 1 0 0 1 0 0 1 0 0 1 0 0 1 0 0 1 0 0 1 0 0 0.9999999 4.79382e-4 0 0.9999999 4.79382e-4 0 0.9999999 4.79382e-4 0 1 0 0 1 0 0 1 3.35569e-4 0 1 3.35569e-4 0 1 3.35569e-4 0 1 0 0 1 0 0 1 0 0 1 0 0 1 0 0 1 0 0 1 0 0 1 0 0 1 -3.35569e-4 0 1 -3.35569e-4 0 1 -3.35569e-4 0 1 0 0 1 0 0 1 0 0 1 0 0 1 0 0 1 0 0 1 0 0 1 0 0 1 0 0 1 0 0 1 0 0 1 0 0 1 0 0 1 0 0 1 0 0 1 3.35569e-4 0 1 3.35569e-4 0 1 3.35569e-4 0 1 0 0 1 0 0 1 0 0 1 0 0 1 0 0 1 0 0 1 0 0 1 0 0 1 0 0 1 0 0 1 0 0 1 0 0 1 -3.35564e-4 0 1 -3.35564e-4 0 1 -3.35564e-4 0 1 0 0 0.9999999 4.79378e-4 0 0.9999999 4.79378e-4 0 0.9999999 4.79378e-4 0 1 0 0 1 0 0 1 0 0 1 0 0 1 0 0 1 0 0 1 0 0 1 -3.35565e-4 0 1 -3.35565e-4 0 1 -3.35565e-4 0 1 0 0 1 0 0 1 0 0 1 0 0 1 0 0 1 0 0 1 0 0 1 0 0 1 0 0 1 0 0 1 0 0 1 0 0 1 -3.35569e-4 0 1 -3.35569e-4 0 1 -3.35569e-4 0 1 0 0 1 0 0 1 0 0 1 0 0 1 0 0 1 0 0 1 0 0 -4.18238e-6 1.10865e-5 -1 4.16264e-6 1.11014e-5 -1 0 0.1736457 -0.9848082 0 0.3420244 -0.9396911 0 0.3420243 -0.9396911 0 0.5000035 -0.8660234 0 0.6427871 -0.7660449 0 0.6427871 -0.7660449 0 0.7660431 -0.6427892 0 0.7660431 -0.6427893 0 0.8660243 -0.500002 0 0.8660241 -0.5000024 0 0.939692 -0.342022 0 0.9396919 -0.3420224 0 0.9848079 -0.1736477 0 0.9848078 -0.1736481 0 1 2.35685e-7 0 1 -2.38065e-7 0 0.9848078 0.1736481 0 0.9848079 0.1736477 0 0.9396919 0.3420222 0 0.9396919 0.3420222 0 0.8660242 0.5000022 0 0.8660242 0.5000022 0 0.7660432 0.6427892 0 0.6427872 0.7660449 0 0.6427871 0.7660449 0 0.5000035 0.8660234 0 0.3420243 0.9396911 0 0.3420244 0.9396911 0 0.1736461 0.9848082 0 0.1736461 0.9848082 0 0 1 0 0 1 0 -0.1736461 0.9848082 0 -0.3420243 0.9396911 0 -0.5000035 0.8660234 0 -0.5000035 0.8660235 0 -0.6427871 0.7660449 0 -0.6427871 0.7660449 0 -0.766043 0.6427893 0 -0.7660433 0.6427891 0 -0.8660243 0.500002 0 -0.866024 0.5000024 0 -0.9396919 0.3420222 0 -0.939692 0.3420221 0 -0.9848078 0.1736479 0 -0.9848078 0.1736479 0 -1 0 0 -1 0 0 -0.9848078 -0.1736481 0 -0.9848079 -0.1736477 0 -0.9396919 -0.3420221 0 -0.8660242 -0.5000022 0 -0.8660242 -0.5000022 0 -0.7660432 -0.6427892 0 -0.6427872 -0.7660449 0 -0.6427871 -0.7660449 0 -0.5000035 -0.8660234 0 -0.5000034 -0.8660235 0 -0.3420243 -0.9396911 0 -0.3420244 -0.9396911 0 -0.1736457 -0.9848082 -2.92382e-5 -1.10939e-5 -1 4.18238e-6 -1.11014e-5 -1 1 -3.35569e-4 0 1 -3.35569e-4 0 1 -3.35569e-4 0 1 -2.10887e-6 0 1 1.0545e-6 0 1 -1.05453e-6 0 1 -5.27225e-7 0 1 -3.04224e-7 0 1 -3.58449e-7 0 1 3.23001e-7 0 1 -1.0545e-6 0 1 3.34514e-4 0 1 3.34514e-4 0 1 3.34514e-4 0 1 -5.27274e-7 0 1 0 0 1 3.04225e-7 0 1 7.16877e-7 0 0 -1.91927e-5 -1 0 -0.2393165 -0.9709417 0 -1.91927e-5 -1 0 -0.2393165 -0.9709416 0 -0.4647241 -0.8854556 0 -0.6631212 -0.7485121 0 -0.6631212 -0.748512 0 -0.8229826 -0.5680667 0 -0.9350159 -0.3546059 0 -0.9927092 -0.1205343 0 -0.9927092 0.1205343 0 -0.9350159 0.3546059 0 -0.9350159 0.3546059 0 -0.8229826 0.5680666 0 -0.6631214 0.7485119 0 -0.6631212 0.748512 0 -0.4647241 0.8854556 0 -0.464724 0.8854557 0 -0.2393165 0.9709417 0 -0.2393165 0.9709417 0 0 1 0 0 1 0 0.2393165 0.9709417 0 0.2393165 0.9709417 0 0.464724 0.8854557 0 0.4647241 0.8854556 0 0.6631213 0.748512 0 0.8229826 0.5680666 0 0.8229827 0.5680667 0 0.9350159 0.3546059 0 0.9350159 0.3546059 0 0.9927092 0.1205343 0 0.9927092 0.1205343 0 0.9927092 -0.1205343 0 0.9927092 -0.1205343 0 0.9350159 -0.3546059 0 0.9350159 -0.3546059 0 0.8229826 -0.5680667 0 0.8229826 -0.5680667 0 0.6631212 -0.748512 0 0.6631212 -0.7485121 0 0.4647242 -0.8854556 0 0.2393165 -0.9709416 0 0.4647241 -0.8854556 0 0.2393165 -0.9709417 0 1.91927e-5 -1 0 1.92001e-5 -1 1 2.46982e-6 0 1 6.17504e-7 0 1 -1.81623e-6 0 1 2.78201e-7 0 1 -2.62051e-7 0 1 -3.63504e-6 0 0.9999998 6.73607e-4 0 0.9999998 6.73607e-4 0 0.9999998 6.73607e-4 0 1 -7.26676e-6 0 1 1.47832e-7 0 1 -2.42681e-7 0 1 6.17522e-7 0 1 -1.81633e-6 0 0.9999998 -6.71137e-4 0 0.9999998 -6.71137e-4 0 0.9999998 -6.71137e-4 0 1 2.04816e-7 0 1 -6.35841e-7 0 0 -3.13669e-6 -1 0 -0.2393119 -0.9709428 0 -3.11434e-6 -1 0 -0.2393119 -0.9709427 0 -0.4647562 -0.8854387 0 -0.4647563 -0.8854387 0 -0.6631181 -0.7485148 0 -0.6631182 -0.7485148 0 -0.822964 -0.5680935 0 -0.8229641 -0.5680935 0 -0.9350203 -0.3545943 0 -0.9927101 -0.1205263 0 -0.9927102 -0.1205263 0 -0.9927102 0.120526 0 -0.9927102 0.120526 0 -0.9350202 0.3545946 0 -0.8229632 0.5680947 0 -0.8229632 0.5680948 0 -0.6631183 0.7485147 0 -0.4647572 0.8854383 0 -0.4647572 0.8854383 0 -0.2393119 0.9709428 0 -0.2393119 0.9709428 0 0 1 0 0.2393119 0.9709428 0 0.2393119 0.9709428 0 0.4647572 0.8854383 0 0.4647572 0.8854383 0 0.6631183 0.7485146 0 0.6631183 0.7485147 0 0.8229632 0.5680947 0 0.8229632 0.5680948 0 0.9350202 0.3545946 0 0.9350202 0.3545946 0 0.9927102 0.120526 0 0.9927102 0.120526 0 0.9927102 -0.1205263 0 0.9927101 -0.1205263 0 0.9350203 -0.3545943 0 0.8229641 -0.5680935 0 0.822964 -0.5680935 0 0.6631182 -0.7485148 0 0.6631181 -0.7485148 0 0.4647562 -0.8854387 0 0.4647563 -0.8854387 0 0.2393119 -0.9709428 0 0.2393119 -0.9709428 0 3.14415e-6 -1 0 3.11434e-6 -1 0 -2.82377e-6 -1 0 -0.2393128 -0.9709426 0 -3.30061e-6 -1 0 -0.2393118 -0.9709429 0 -0.4646968 -0.88547 0 -0.464694 -0.8854714 0 -0.6631081 -0.7485236 0 -0.6631063 -0.7485253 0 -0.8229952 -0.5680485 0 -0.8229972 -0.5680454 0 -0.9350132 -0.3546131 0 -0.9350138 -0.3546115 0 -0.9927075 -0.1205484 0 -0.9927077 -0.1205464 0 -0.9927076 0.1205481 0 -0.9927077 0.1205461 0 -0.9350144 0.3546098 0 -0.9350124 0.3546152 0 -0.8229971 0.5680456 0 -0.822995 0.5680486 0 -0.6631063 0.7485253 0 -0.6631081 0.7485238 0 -0.4646947 0.8854711 0 -0.4646962 0.8854702 0 -0.2393937 0.9709226 0 -0.2393947 0.9709224 0 2.43684e-7 1 0 -2.72352e-7 1 0 0.2393937 0.9709227 0 0.2393947 0.9709224 0 0.4646947 0.8854711 0 0.4646951 0.8854708 0 0.6631073 0.7485244 0 0.6631088 0.7485231 0 0.8229969 0.568046 0 0.822995 0.5680487 0 0.9350131 0.3546134 0 0.9350131 0.3546134 0 0.9927078 0.1205461 0 0.9927077 0.1205461 0 0.9927078 -0.1205464 0 0.9927077 -0.1205464 0 0.9350132 -0.3546132 0 0.8229951 -0.5680485 0 0.8229969 -0.5680459 0 0.6631073 -0.7485244 0 0.6631089 -0.748523 0 0.4646946 -0.8854711 0 0.4646949 -0.8854708 0 0.2393118 -0.9709429 0 0.2393128 -0.9709425 0 3.29316e-6 -1 0 2.78652e-6 -1 0 -3.46452e-6 -1 0 -0.2393119 -0.9709429 0 -2.45869e-6 -1 0 -0.2393124 -0.9709426 0 -0.4647555 -0.885439 0 -0.4647566 -0.8854386 0 -0.6631165 -0.7485163 0 -0.6631197 -0.7485134 0 -0.8229632 -0.5680948 0 -0.822965 -0.5680922 0 -0.9350202 -0.3545946 0 -0.9350209 -0.3545928 0 -0.9927104 -0.1205244 0 -0.9927102 -0.1205264 0 -0.9927104 0.1205244 0 -0.9927102 0.1205264 0 -0.9350201 0.3545947 0 -0.9350209 0.3545927 0 -0.8229631 0.5680948 0 -0.822965 0.5680922 0 -0.6631197 0.7485134 0 -0.6631165 0.7485163 0 -0.4647564 0.8854386 0 -0.4647554 0.8854392 0 -0.2393126 0.9709426 0 -0.2393121 0.9709428 0 -2.53235e-7 1 0 2.67569e-7 1 0 0.2393131 0.9709425 0 0.2393115 0.9709429 0 0.4647547 0.8854395 0 0.4647573 0.8854383 0 0.6631175 0.7485154 0 0.6631188 0.7485141 0 0.8229638 0.568094 0 0.8229641 0.5680934 0 0.9350202 0.3545945 0 0.93502 0.3545949 0 0.9927099 0.1205283 0 0.9927105 0.1205242 0 0.9927099 -0.1205283 0 0.9927104 -0.1205242 0 0.9350202 -0.3545945 0 0.93502 -0.3545949 0 0.8229641 -0.5680934 0 0.8229638 -0.568094 0 0.6631175 -0.7485154 0 0.6631189 -0.7485141 0 0.4647549 -0.8854394 0 0.4647573 -0.8854382 0 0.2393128 -0.9709425 0 0.2393114 -0.970943 0 2.99513e-6 -1 0 2.97278e-6 -1 0 2.10106e-5 -1 0 -0.2393944 -0.9709225 0 2.15173e-5 -1 0 -0.239394 -0.9709226 0 -0.4646962 -0.8854703 0 -0.4646944 -0.8854711 0 -0.6631101 -0.748522 0 -0.6631068 -0.7485249 0 -0.8229969 -0.568046 0 -0.822995 -0.5680487 0 -0.935013 -0.3546137 0 -0.9350129 -0.3546137 0 -0.9927077 -0.1205464 0 -0.9927077 0.1205464 0 -0.9927077 0.1205464 0 -0.9350132 0.3546132 0 -0.9350131 0.3546131 0 -0.822997 0.5680459 0 -0.8229951 0.5680485 0 -0.6631065 0.7485252 0 -0.6631097 0.7485223 0 -0.4646946 0.8854711 0 -0.4646949 0.8854708 0 -0.2393121 0.9709428 0 -0.2393125 0.9709427 0 -2.43679e-7 1 0 2.72347e-7 1 0 0.2393121 0.9709428 0 0.2393125 0.9709427 0 0.4646947 0.8854711 0 0.4646961 0.8854703 0 0.6631081 0.7485237 0 0.6631063 0.7485253 0 0.8229951 0.5680485 0 0.8229973 0.5680454 0 0.9350131 0.3546131 0 0.9350138 0.3546114 0 0.9927076 0.1205484 0 0.9927077 0.1205464 0 0.9927076 -0.1205484 0 0.9350129 -0.3546136 0 0.9350137 -0.354612 0 0.8229972 -0.5680456 0 0.8229951 -0.5680486 0 0.6631084 -0.7485234 0 0.6631067 -0.7485249 0 0.4646952 -0.8854708 0 0.4646967 -0.88547 0 0.239394 -0.9709226 0 0.2393944 -0.9709224 0 -2.148e-5 -1 0 -2.09957e-5 -1 0 -3.30061e-6 -1 0 -0.2393125 -0.9709427 0 -2.77907e-6 -1 0 -0.2393121 -0.9709428 0 -0.4646956 -0.8854705 0 -0.4646939 -0.8854715 0 -0.6631097 -0.7485222 0 -0.6631065 -0.7485252 0 -0.8229969 -0.5680459 0 -0.8229951 -0.5680485 0 -0.9350132 -0.3546132 0 -0.9927078 -0.1205464 0 -0.9927078 0.1205461 0 -0.935013 0.3546134 0 -0.9350131 0.3546133 0 -0.8229968 0.568046 0 -0.6631063 0.7485252 0 -0.6631096 0.7485223 0 -0.464695 0.8854708 0 -0.239394 0.9709226 0 -0.2393944 0.9709225 0 -2.43684e-7 1 0 2.72352e-7 1 0 0.239394 0.9709226 0 0.2393944 0.9709224 0 0.4646947 0.8854711 0 0.4646962 0.8854702 0 0.663108 0.7485237 0 0.6631063 0.7485253 0 0.822995 0.5680487 0 0.8229972 0.5680456 0 0.9350131 0.3546133 0 0.9350137 0.3546117 0 0.9927076 0.1205481 0 0.9927075 -0.1205484 0 0.9350132 -0.3546131 0 0.9350138 -0.3546115 0 0.8229972 -0.5680454 0 0.8229952 -0.5680485 0 0.6631081 -0.7485237 0 0.6631064 -0.7485252 0 0.4646947 -0.8854711 0 0.4646961 -0.8854703 0 0.2393121 -0.9709428 0 0.2393125 -0.9709427 0 2.81632e-6 -1 0 3.30806e-6 -1 0 -3.1516e-6 -1 0 -3.12179e-6 -1 0 -0.2393121 -0.9709428 0 -0.4647563 -0.8854387 0 -0.6631181 -0.7485148 0 -0.6631182 -0.7485147 0 -0.8229634 -0.5680945 0 -0.8229631 -0.5680947 0 -0.9350202 -0.3545947 0 -0.93502 -0.3545952 0 -0.9927102 -0.1205257 0 -0.9927102 0.120526 0 -0.9927102 0.120526 0 -0.9350203 0.3545944 0 -0.9350205 0.3545939 0 -0.8229634 0.5680946 0 -0.8229638 0.568094 0 -0.6631184 0.7485145 0 -0.6631182 0.7485147 0 -0.4647572 0.8854382 0 -0.2393121 0.9709428 0 -0.239312 0.9709427 0 0.2393121 0.9709428 0 0.2393119 0.9709428 0 0.4647572 0.8854382 0 0.4647573 0.8854382 0 0.6631184 0.7485145 0 0.6631182 0.7485147 0 0.8229635 0.5680942 0 0.8229635 0.5680944 0 0.9350205 0.354594 0 0.9350203 0.3545944 0 0.9927102 0.120526 0 0.9927102 0.120526 0 0.9927102 -0.1205257 0 0.9350202 -0.3545947 0 0.93502 -0.3545952 0 0.8229632 -0.5680947 0 0.8229634 -0.5680945 0 0.6631183 -0.7485147 0 0.6631181 -0.7485148 0 0.2393121 -0.9709428 0 3.12924e-6 -1 0 3.13669e-6 -1 0 2.14875e-5 -1 0 -0.2393947 -0.9709224 0 2.09808e-5 -1 0 -0.2393937 -0.9709226 0 -0.4646974 -0.8854697 0 -0.4646945 -0.8854711 0 -0.6631085 -0.7485234 0 -0.6631066 -0.748525 0 -0.8229951 -0.5680486 0 -0.8229972 -0.5680456 0 -0.9350129 -0.3546136 0 -0.9350137 -0.354612 0 -0.9927076 -0.1205485 0 -0.9927076 0.1205485 0 -0.9350145 0.3546096 0 -0.9350124 0.354615 0 -0.8229973 0.5680454 0 -0.6631081 0.7485237 0 -0.4646947 0.8854711 0 -0.4646961 0.8854703 0 -0.2393118 0.9709429 0 -0.2393128 0.9709426 0 2.43679e-7 1 0 -2.72347e-7 1 0 0.2393118 0.9709429 0 0.2393128 0.9709426 0 0.4646946 0.8854711 0 0.464695 0.8854708 0 0.6631088 0.748523 0 0.8229969 0.5680459 0 0.8229952 0.5680485 0 0.9350132 0.3546132 0 0.9350132 0.3546131 0 0.9927077 0.1205464 0 0.9927077 -0.1205464 0 0.935013 -0.3546137 0 0.9350129 -0.3546137 0 0.822995 -0.5680487 0 0.8229969 -0.568046 0 0.6631076 -0.7485241 0 0.6631092 -0.7485228 0 0.4646951 -0.8854708 0 0.4646955 -0.8854706 0 0.2393937 -0.9709227 0 0.2393947 -0.9709224 0 -2.10032e-5 -1 0 -2.15247e-5 -1 0 -3.00258e-6 -1 0 -0.2393114 -0.970943 0 -2.96533e-6 -1 0 -0.2393128 -0.9709426 0 -0.464756 -0.8854389 0 -0.6631198 -0.7485133 0 -0.6631165 -0.7485162 0 -0.8229637 -0.5680939 0 -0.8229641 -0.5680934 0 -0.9350202 -0.3545945 0 -0.93502 -0.3545949 0 -0.9927099 -0.1205283 0 -0.9927104 -0.1205242 0 -0.9927099 0.1205283 0 -0.9927105 0.1205242 0 -0.9350215 0.3545911 0 -0.9350187 0.3545984 0 -0.8229659 0.5680909 0 -0.822962 0.5680965 0 -0.6631166 0.7485162 0 -0.6631198 0.7485134 0 -0.4647548 0.8854395 0 -0.4647572 0.8854382 0 -0.239313 0.9709424 0 -0.2393116 0.9709429 0 2.53235e-7 1 0 -2.67569e-7 1 0 0.2393121 0.9709428 0 0.2393125 0.9709426 0 0.4647564 0.8854386 0 0.4647554 0.8854392 0 0.6631188 0.7485142 0 0.6631174 0.7485155 0 0.822965 0.5680922 0 0.9350202 0.3545947 0 0.9350209 0.3545927 0 0.9927104 0.1205244 0 0.9927102 0.1205264 0 0.9927104 -0.1205244 0 0.9927102 -0.1205264 0 0.9350202 -0.3545946 0 0.9350209 -0.3545928 0 0.822965 -0.5680922 0 0.8229632 -0.5680948 0 0.6631188 -0.7485142 0 0.6631174 -0.7485155 0 0.4647566 -0.8854385 0 0.4647555 -0.8854392 0 0.2393119 -0.9709428 0 0.2393124 -0.9709427 0 3.44962e-6 -1 0 2.47359e-6 -1 0.4999869 -0.2072619 0.8408661 0.5000939 3.12179e-5 0.8659712 0.5000712 2.72635e-5 0.8659843 0.499985 -0.2072628 0.840867 0.500006 -0.4024584 0.7668255 0.5000063 -0.402458 0.7668255 0.4999905 -0.5742848 0.6482334 0.4999906 -0.5742859 0.6482324 0.5000091 -0.7127185 0.4919586 0.5000096 -0.7127167 0.4919607 0.4999968 -0.8097496 0.3070976 0.4999955 -0.809751 0.3070957 0.4999995 -0.8597116 0.1043871 0.4999997 -0.8597115 0.1043859 0.4999996 -0.8597115 -0.1043871 0.4999998 -0.8597115 -0.1043859 0.4999973 -0.8097494 -0.3070973 0.4999957 -0.8097494 -0.3071 0.5000098 -0.7127213 -0.4919538 0.5000089 -0.71272 -0.4919567 0.4999921 -0.5742817 -0.6482349 0.499988 -0.5742847 -0.6482354 0.5000059 -0.402458 -0.7668258 0.5000054 -0.4024586 -0.7668257 0.4999891 -0.2072566 -0.840866 0.4999826 -0.2072563 -0.8408699 0.5000225 -6.64608e-6 -0.8660123 0.5003379 -4.49573e-6 -0.8658304 0.4999885 0.2072582 -0.840866 0.4999821 0.2072601 -0.8408694 0.500003 0.4024617 -0.7668257 0.5000073 0.4024614 -0.7668231 0.4999917 0.5742819 -0.6482351 0.4999877 0.5742848 -0.6482355 0.5000076 0.7127194 -0.4919589 0.5000112 0.7127194 -0.4919552 0.4999971 0.8097493 -0.3070979 0.4999955 0.809751 -0.307096 0.4999995 0.8597117 -0.1043856 0.4999998 0.8597114 -0.1043867 0.4999995 0.8597115 0.1043871 0.4999998 0.8597114 0.1043859 0.499997 0.8097496 0.3070973 0.4999952 0.8097497 0.3071001 0.5000078 0.7127205 0.4919571 0.5000113 0.7127171 0.4919584 0.4999933 0.574283 0.6482329 0.4999895 0.5742831 0.6482357 0.5000052 0.4024643 0.766823 0.5000046 0.4024634 0.7668238 0.499989 0.2072582 0.8408657 0.4999825 0.20726 0.840869 0.5000844 -2.72542e-5 0.8659768 0.5000939 -3.1207e-5 0.8659712 0.500015 -0.150379 -0.8528606 0.5000069 -1.63093e-5 -0.8660216 0.5000012 -1.6204e-5 -0.8660247 0.5000168 -0.1503793 -0.8528595 0.5000416 -0.2961954 -0.8137731 0.5000416 -0.2961975 -0.8137725 0.500004 -0.4330109 -0.7499984 0.5000011 -0.4330109 -0.7500003 0.4999932 -0.5566722 -0.6634176 0.4999928 -0.5566715 -0.6634185 0.499993 -0.6634162 -0.5566741 0.499994 -0.663415 -0.5566746 0.5000059 -0.7499964 -0.4330121 0.5000072 -0.7499967 -0.4330101 0.50001 -0.8137913 -0.2961988 0.500011 -0.8137921 -0.2961953 0.50001 -0.8528624 -0.1503854 0.5000103 -0.8528636 -0.1503782 0.5000011 -0.8660248 -2.98446e-7 0.5000011 -0.8660248 -1.92076e-7 0.50001 -0.8528622 0.1503861 0.5000099 -0.8528636 0.1503793 0.5000108 -0.8137909 0.2961987 0.5000099 -0.8137925 0.2961956 0.5000075 -0.7499952 0.4330124 0.500006 -0.7499969 0.4330114 0.4999918 -0.6634178 0.5566733 0.499991 -0.6634175 0.5566743 0.499993 -0.5566726 0.6634173 0.499994 -0.5566715 0.6634175 0.5000008 -0.4330147 0.7499983 0.500004 -0.4330132 0.7499971 0.5000377 -0.2961894 0.8137778 0.5000383 -0.2961908 0.8137768 0.5000157 -0.1503831 0.8528595 0.5000153 -0.1503839 0.8528597 0.500029 1.58274e-6 0.8660088 0.50003 1.6824e-6 0.8660081 0.500018 0.1503787 0.852859 0.5000196 0.150379 0.852858 0.500042 0.2961955 0.813773 0.5000414 0.2961976 0.8137724 0.5000035 0.4330109 0.7499988 0.5 0.4330111 0.7500009 0.4999923 0.5566725 0.6634181 0.4999917 0.5566719 0.663419 0.499992 0.6634166 0.5566744 0.4999933 0.6634154 0.5566748 0.5000058 0.7499965 0.4330121 0.5000075 0.7499967 0.43301 0.5000104 0.8137913 0.2961981 0.5000103 0.8137927 0.2961948 0.5000096 0.8528638 0.150379 0.5000104 0.8528622 0.1503859 0.5000011 0.8660249 3.05785e-7 0.5000011 0.8660248 1.99019e-7 0.5000097 0.8528625 -0.1503856 0.5000106 0.8528634 -0.1503785 0.5000106 0.813792 -0.2961959 0.5000106 0.8137909 -0.2961993 0.5000076 0.7499951 -0.4330124 0.5000061 0.7499967 -0.4330112 0.4999925 0.6634175 -0.556673 0.4999917 0.6634172 -0.556674 0.4999942 0.5566716 -0.6634174 0.499994 0.5566709 -0.6634182 0.5000031 0.4330143 -0.7499971 0.5000009 0.4330154 -0.7499979 0.5000394 0.296189 -0.8137769 0.5000403 0.2961903 -0.8137758 0.5000186 0.1503825 -0.8528578 0.5000171 0.1503834 -0.8528585 0.4999772 1.41686e-5 -0.8660386 0.4999738 1.39698e-5 -0.8660405 -1 0 0 -1 -2.70258e-7 0 -1 -1.78052e-7 0 -1 -1.58074e-6 0 -1 2.3251e-6 0 -1 3.35407e-7 0 -1 -1.16261e-6 0 -1 3.95166e-7 0 -1 1.16248e-6 0 -1 2.36571e-7 0 -1 -7.90349e-7 0 -1 0 0 -1 2.32519e-6 0 -1 0 0 0 0.2393133 0.9709424 5.78653e-6 -1.13398e-5 1 -5.75922e-6 -1.13323e-5 1 0 0.4647181 0.8854587 0 0.4647181 0.8854588 0 0.6631224 0.748511 0 0.6631224 0.748511 0 0.8229827 0.5680665 0 0.935016 0.3546057 0 0.9350159 0.354606 0 0.9927088 0.1205379 0 0.9927088 0.1205377 0 0.9927088 -0.1205377 0 0.9927088 -0.1205379 0 0.935016 -0.3546057 0 0.9350159 -0.3546059 0 0.8229827 -0.5680666 0 0.6631224 -0.748511 0 0.6631222 -0.7485111 0 0.4647182 -0.8854587 0 0.4647181 -0.8854587 0 0.2393134 -0.9709424 0 0.2393134 -0.9709424 0 0 -1 0 0 -1 0 -0.2393134 -0.9709424 0 -0.2393134 -0.9709424 0 -0.4647181 -0.8854587 0 -0.4647182 -0.8854587 0 -0.6631222 -0.7485111 0 -0.6631224 -0.748511 0 -0.8229826 -0.5680665 0 -0.8229827 -0.5680666 0 -0.9350159 -0.3546059 0 -0.935016 -0.3546056 0 -0.9927088 -0.1205379 0 -0.9927088 -0.1205377 0 -0.9927088 0.1205377 0 -0.9927088 0.1205379 0 -0.935016 0.3546057 0 -0.9350159 0.354606 0 -0.8229827 0.5680665 0 -0.8229827 0.5680664 0 -0.6631224 0.748511 0 -0.4647181 0.8854587 0 -0.4647181 0.8854588 0 -0.2393133 0.9709425 0 -0.2393133 0.9709424 5.75922e-6 1.13323e-5 1 -5.78653e-6 1.12951e-5 1</float_array>
          <technique_common>
            <accessor source="#COMPOUND-mesh-normals-array" count="1215" stride="3">
              <param name="X" type="float"/>
              <param name="Y" type="float"/>
              <param name="Z" type="float"/>
            </accessor>
          </technique_common>
        </source>
        <vertices id="COMPOUND-mesh-vertices">
          <input semantic="POSITION" source="#COMPOUND-mesh-positions"/>
        </vertices>
        <triangles material="mat_0-material" count="1480">
          <input semantic="VERTEX" source="#COMPOUND-mesh-vertices" offset="0"/>
          <input semantic="NORMAL" source="#COMPOUND-mesh-normals" offset="1"/>
          <p>74 0 37 1 36 2 74 0 75 3 37 1 73 4 36 2 35 5 73 4 74 0 36 2 72 6 35 5 34 6 72 6 73 4 35 5 71 7 34 6 33 7 71 7 72 6 34 6 70 8 33 7 32 9 70 8 71 7 33 7 69 10 32 9 31 11 69 10 70 8 32 9 68 12 69 10 31 11 68 12 30 13 29 14 68 12 31 11 30 13 67 15 68 12 29 14 66 16 67 15 29 14 66 16 28 17 27 18 66 16 29 14 28 17 65 19 66 16 27 18 65 19 27 18 26 20 64 21 65 19 26 20 64 21 26 20 25 22 63 23 64 21 25 22 62 24 25 22 24 25 62 24 63 23 25 22 61 26 24 25 23 27 61 26 62 24 24 25 60 28 23 27 22 29 60 28 61 26 23 27 59 30 22 29 21 31 59 30 60 28 22 29 58 32 21 31 20 33 58 32 59 30 21 31 57 34 20 33 19 35 57 34 58 32 20 33 56 36 19 35 18 36 56 36 57 34 19 35 55 37 17 38 16 39 55 37 18 36 17 38 55 37 56 36 18 36 54 40 16 39 15 41 54 40 55 37 16 39 53 42 54 40 15 41 52 43 14 44 13 45 52 43 15 41 14 44 52 43 53 42 15 41 51 46 52 43 13 45 50 47 13 45 12 48 50 47 51 46 13 45 49 49 11 50 10 51 49 49 12 48 11 50 49 49 50 47 12 48 48 52 49 49 10 51 47 53 10 51 9 54 47 53 48 52 10 51 46 55 9 54 8 56 46 55 47 53 9 54 45 57 8 56 7 58 45 57 46 55 8 56 44 59 45 57 7 58 44 59 7 58 6 60 43 61 6 60 5 62 43 61 44 59 6 60 42 63 5 62 4 64 42 63 43 61 5 62 41 65 4 64 3 66 41 65 42 63 4 64 40 67 3 66 2 68 40 67 41 65 3 66 39 69 2 68 1 70 39 69 40 67 2 68 38 71 1 70 0 72 38 71 39 69 1 70 136 73 99 73 100 73 135 74 98 74 99 74 135 75 99 75 136 75 137 74 100 74 101 74 137 76 136 76 100 76 134 77 97 77 98 77 134 74 98 74 135 74 138 74 101 74 102 74 138 78 137 78 101 78 133 74 96 74 97 74 133 79 97 79 134 79 139 74 102 74 103 74 139 80 138 80 102 80 132 74 96 74 133 74 95 81 96 81 132 81 140 74 139 74 103 74 140 74 103 74 104 74 131 74 95 74 132 74 94 74 95 74 131 74 141 74 104 74 105 74 141 82 140 82 104 82 130 74 94 74 131 74 93 74 94 74 130 74 142 83 141 83 105 83 129 74 93 74 130 74 106 74 142 74 105 74 92 74 93 74 129 74 143 84 142 84 106 84 128 85 92 85 129 85 107 74 143 74 106 74 91 86 92 86 128 86 144 87 143 87 107 87 127 88 91 88 128 88 108 74 144 74 107 74 90 74 91 74 127 74 145 89 144 89 108 89 126 90 90 90 127 90 109 74 145 74 108 74 89 91 90 91 126 91 146 74 145 74 109 74 125 92 89 92 126 92 110 74 146 74 109 74 88 93 89 93 125 93 147 74 146 74 110 74 124 94 88 94 125 94 111 95 147 95 110 95 87 96 88 96 124 96 148 74 147 74 111 74 123 97 87 97 124 97 112 74 148 74 111 74 86 98 87 98 123 98 113 74 148 74 112 74 122 74 86 74 123 74 76 99 113 99 112 99 85 100 86 100 122 100 121 101 85 101 122 101 77 74 114 74 113 74 77 102 113 102 76 102 84 74 85 74 121 74 120 103 84 103 121 103 78 74 115 74 114 74 78 74 114 74 77 74 83 74 84 74 120 74 83 74 120 74 119 74 79 74 115 74 78 74 79 74 116 74 115 74 82 74 83 74 119 74 82 104 119 104 118 104 80 74 116 74 79 74 80 74 117 74 116 74 81 74 82 74 118 74 81 74 117 74 80 74 81 74 118 74 117 74 294 105 172 105 293 105 292 106 293 106 172 106 295 105 173 105 172 105 295 107 172 107 294 107 291 105 172 105 171 105 291 108 292 108 172 108 296 105 173 105 295 105 290 109 291 110 171 111 297 105 173 105 296 105 315 112 290 113 171 114 298 105 174 105 173 105 298 105 173 105 297 105 314 115 171 115 170 115 314 105 315 105 171 105 299 105 174 105 298 105 313 105 314 105 170 105 300 105 174 105 299 105 312 116 170 116 169 116 312 105 313 105 170 105 311 117 312 117 169 117 346 105 176 105 345 105 344 105 176 105 175 105 344 105 345 105 176 105 347 105 176 105 346 105 343 105 344 105 175 105 348 118 177 118 176 118 348 105 176 105 347 105 342 105 343 105 175 105 342 105 175 105 174 105 342 119 174 119 300 119 349 105 177 105 348 105 367 120 342 120 300 120 367 121 300 122 301 123 350 105 177 105 349 105 366 124 367 124 301 124 366 125 301 125 302 125 351 126 177 126 350 126 178 127 177 127 351 127 352 128 178 128 351 128 353 129 178 129 352 129 354 130 178 130 353 130 209 131 306 131 307 131 209 105 307 105 308 105 208 105 306 105 209 105 208 132 303 132 304 132 208 133 304 133 305 133 208 134 305 134 306 134 210 135 209 135 308 135 210 136 308 136 309 136 210 137 309 137 310 137 210 138 310 138 311 138 207 139 364 139 365 139 207 140 365 140 366 140 207 141 366 141 302 141 207 105 303 105 208 105 207 142 302 142 303 142 179 143 354 143 355 143 179 144 178 144 354 144 211 145 169 145 168 145 211 105 210 105 311 105 211 146 311 146 169 146 206 105 362 105 363 105 206 105 363 105 364 105 206 147 364 147 207 147 186 105 168 105 167 105 186 105 211 105 168 105 205 105 359 105 360 105 205 105 360 105 361 105 205 105 361 105 362 105 205 105 362 105 206 105 187 148 167 148 166 148 187 105 186 105 167 105 204 149 357 149 358 149 204 150 358 150 359 150 204 151 359 151 205 151 319 152 355 152 356 152 319 153 179 153 355 153 372 154 166 154 165 154 372 105 165 105 371 105 320 105 180 105 179 105 320 155 179 155 319 155 370 156 165 156 164 156 370 105 371 105 165 105 318 157 356 157 357 157 318 105 319 105 356 105 373 158 166 158 372 158 373 159 188 159 187 159 373 160 187 160 166 160 321 105 180 105 320 105 369 161 370 162 164 163 317 164 357 164 204 164 317 165 318 165 357 165 374 105 188 105 373 105 322 105 180 105 321 105 368 166 369 167 164 168 316 169 317 169 204 169 316 170 204 170 203 170 375 171 188 171 374 171 323 172 180 172 322 172 323 173 181 173 180 173 393 174 368 175 164 176 341 105 316 105 203 105 376 105 188 105 375 105 324 105 181 105 323 105 189 177 188 177 376 177 340 105 341 105 203 105 163 105 393 105 164 105 163 178 392 178 393 178 377 105 189 105 376 105 325 105 181 105 324 105 391 179 392 179 163 179 339 180 340 180 203 180 378 181 189 181 377 181 326 105 181 105 325 105 390 105 391 105 163 105 202 182 339 182 203 182 202 183 338 183 339 183 389 184 390 184 163 184 337 105 338 105 202 105 190 185 378 185 379 185 190 186 379 186 380 186 190 187 380 187 381 187 190 105 189 105 378 105 182 105 181 105 326 105 182 188 326 188 327 188 182 189 327 189 328 189 182 190 328 190 329 190 201 105 337 105 202 105 201 191 335 191 336 191 201 192 336 192 337 192 162 193 386 193 387 193 162 105 387 105 388 105 162 105 388 105 389 105 162 105 389 105 163 105 191 194 381 194 382 194 191 105 190 105 381 105 183 195 182 195 329 195 183 196 329 196 330 196 183 197 330 198 331 199 183 200 331 200 332 200 161 105 386 105 162 105 161 105 384 105 385 105 161 105 385 105 386 105 184 105 183 105 332 105 216 105 191 105 215 105 216 201 192 201 191 201 268 105 335 105 201 105 268 202 201 202 200 202 268 105 200 105 267 105 268 203 334 203 335 203 214 204 191 204 382 204 214 205 382 205 383 205 214 105 215 105 191 105 266 105 267 105 200 105 217 206 192 206 216 206 269 105 334 105 268 105 269 207 333 207 334 207 213 208 383 209 384 210 213 211 214 211 383 211 265 212 200 212 199 212 265 213 266 214 200 215 218 105 192 105 217 105 270 105 184 105 332 105 270 216 333 216 269 216 270 217 332 217 333 217 212 218 384 218 161 218 212 219 213 219 384 219 264 220 265 220 199 220 160 105 212 105 161 105 219 105 193 105 192 105 219 105 192 105 218 105 271 105 184 105 270 105 237 105 212 105 160 105 289 221 199 221 198 221 289 222 264 222 199 222 220 105 193 105 219 105 272 105 184 105 271 105 236 105 237 105 160 105 288 223 289 223 198 223 221 224 194 224 193 224 221 105 193 105 220 105 287 105 288 105 198 105 222 105 194 105 221 105 286 105 287 105 198 105 286 225 198 225 197 225 223 105 194 105 222 105 185 226 272 226 273 226 185 227 273 227 274 227 185 228 274 228 275 228 185 229 184 229 272 229 159 105 232 105 233 105 159 230 233 230 234 230 159 231 234 231 235 231 159 232 235 232 236 232 159 105 236 105 160 105 241 233 196 233 195 233 242 234 196 234 241 234 240 235 241 235 195 235 243 105 196 105 242 105 243 105 197 105 196 105 239 105 240 105 195 105 244 236 197 236 243 236 238 237 195 237 194 237 238 105 239 105 195 105 245 238 197 238 244 238 245 105 286 105 197 105 263 239 194 239 223 239 263 240 238 240 194 240 149 241 275 241 276 241 149 242 276 242 277 242 149 243 185 243 275 243 149 244 277 244 278 244 149 245 278 245 279 245 246 246 285 246 286 246 246 247 286 247 245 247 262 248 263 248 223 248 262 249 223 249 224 249 247 250 284 250 285 250 247 105 285 105 246 105 158 251 232 251 159 251 158 252 229 252 230 252 158 105 230 105 231 105 158 105 231 105 232 105 261 253 224 253 225 253 261 105 262 105 224 105 248 105 284 105 247 105 150 254 279 254 280 254 150 255 280 255 281 255 150 256 281 256 282 256 150 257 149 257 279 257 157 258 229 258 158 258 157 259 226 259 227 259 157 260 227 260 228 260 157 261 228 261 229 261 151 105 150 105 282 105 151 262 282 262 283 262 151 105 283 105 284 105 151 105 284 105 248 105 156 263 260 263 261 263 156 264 226 264 157 264 156 265 225 265 226 265 156 266 261 266 225 266 152 267 249 268 250 269 152 270 250 270 251 270 152 105 151 105 248 105 152 271 248 271 249 271 155 272 257 272 258 272 155 105 258 105 259 105 155 105 259 105 260 105 155 105 260 105 156 105 153 273 251 273 252 273 153 274 252 274 253 274 153 275 253 275 254 275 153 105 152 105 251 105 154 276 254 276 255 276 154 277 255 277 256 277 154 278 256 278 257 278 154 105 153 105 254 105 154 279 257 279 155 279 557 74 416 74 417 74 556 280 557 280 417 280 558 74 416 74 557 74 555 281 556 281 417 281 559 74 416 74 558 74 554 74 555 74 417 74 534 74 416 74 559 74 553 74 417 74 418 74 553 282 554 282 417 282 535 283 415 283 416 283 535 74 416 74 534 74 552 74 553 74 418 74 536 74 415 74 535 74 551 284 552 284 418 284 537 74 415 74 536 74 550 74 418 74 419 74 550 285 551 285 418 285 538 286 415 287 537 288 538 289 414 289 415 289 549 290 550 290 419 290 660 74 661 74 413 74 608 74 609 74 420 74 662 291 412 291 413 291 662 74 413 74 661 74 610 74 420 74 609 74 659 292 660 292 413 292 607 293 420 293 421 293 607 74 608 74 420 74 663 74 412 74 662 74 611 74 420 74 610 74 611 74 419 74 420 74 658 294 413 294 414 294 658 74 659 74 413 74 606 74 607 74 421 74 638 295 412 295 663 295 586 296 419 296 611 296 657 297 658 297 414 297 605 298 606 298 421 298 639 299 412 299 638 299 587 300 419 300 586 300 587 74 549 74 419 74 656 74 414 74 538 74 656 74 657 74 414 74 656 301 538 301 539 301 604 302 605 302 421 302 640 74 412 74 639 74 588 303 549 303 587 303 422 304 603 305 604 306 422 307 604 307 421 307 411 308 640 308 641 308 411 74 412 74 640 74 602 74 603 74 422 74 642 74 411 74 641 74 601 74 602 74 422 74 643 309 411 309 642 309 440 310 542 310 543 310 440 311 543 311 544 311 440 312 544 312 545 312 600 74 601 74 422 74 439 313 440 313 545 313 439 314 545 314 546 314 439 315 546 315 547 315 644 74 411 74 643 74 441 74 542 74 440 74 441 316 656 316 539 316 441 317 539 317 540 317 441 318 540 318 541 318 441 74 541 74 542 74 441 319 655 320 656 321 438 322 547 322 548 322 438 323 548 324 549 325 438 74 549 74 588 74 438 74 439 74 547 74 438 326 588 326 589 326 438 327 589 327 590 327 442 328 655 328 441 328 442 329 653 329 654 329 442 330 654 331 655 332 423 333 598 333 599 333 423 334 599 334 600 334 423 335 600 335 422 335 410 74 411 74 644 74 410 336 644 336 645 336 410 337 645 337 646 337 437 74 590 74 591 74 437 74 591 74 592 74 437 74 438 74 590 74 443 338 649 338 650 338 443 339 650 339 651 339 443 340 651 340 652 340 443 341 652 341 653 341 443 74 653 74 442 74 436 342 437 342 592 342 436 74 592 74 593 74 436 74 593 74 594 74 436 74 594 74 595 74 444 343 647 344 648 345 444 346 648 346 649 346 444 74 649 74 443 74 435 347 595 347 596 347 435 348 596 348 597 348 435 349 436 349 595 349 445 350 647 350 444 350 445 351 646 352 647 353 583 74 423 74 424 74 634 354 409 354 410 354 634 355 635 356 409 357 634 358 410 358 646 358 582 359 583 359 424 359 636 74 409 74 635 74 584 360 597 360 598 360 584 361 435 361 597 361 584 74 598 74 423 74 584 290 423 290 583 290 633 74 646 74 445 74 633 74 634 74 646 74 581 362 582 362 424 362 637 363 408 363 409 363 637 74 409 74 636 74 585 364 435 365 584 366 632 367 633 367 445 367 580 74 424 74 425 74 580 74 581 74 424 74 612 74 408 74 637 74 560 368 435 369 585 370 560 371 434 371 435 371 631 74 632 74 445 74 579 74 580 74 425 74 613 74 408 74 612 74 561 372 434 372 560 372 630 74 631 74 445 74 578 74 579 74 425 74 446 373 630 373 445 373 614 74 408 74 613 74 562 74 434 74 561 74 629 74 630 74 446 74 577 74 578 74 425 74 615 74 408 74 614 74 628 74 629 74 446 74 576 374 577 374 425 374 627 74 628 74 446 74 433 375 434 375 562 375 433 74 562 74 563 74 433 376 563 376 564 376 565 377 433 377 564 377 426 378 576 378 425 378 426 379 572 379 573 379 426 380 573 380 574 380 426 381 574 381 575 381 426 74 575 74 576 74 407 74 408 74 615 74 407 74 615 74 616 74 407 74 616 74 617 74 407 74 617 74 618 74 407 382 618 382 619 382 447 383 625 383 626 383 447 384 626 384 627 384 447 385 627 385 446 385 432 74 433 74 565 74 432 74 565 74 566 74 432 386 566 386 567 386 432 387 567 387 568 387 448 388 623 389 624 390 448 391 624 391 625 391 448 74 625 74 447 74 427 392 572 392 426 392 427 393 569 394 570 395 427 396 570 396 571 396 427 397 571 397 572 397 406 398 407 398 619 398 406 74 619 74 620 74 406 399 620 399 621 399 406 400 621 400 622 400 428 401 569 401 427 401 405 402 622 402 623 402 405 403 406 403 622 403 478 74 479 74 448 74 478 74 448 74 449 74 530 404 531 405 431 406 530 407 431 407 432 407 480 408 448 408 479 408 480 409 623 409 448 409 532 74 431 74 531 74 532 410 430 410 431 410 477 74 478 74 449 74 529 74 569 74 428 74 529 74 530 74 432 74 529 74 432 74 568 74 529 411 568 411 569 411 533 74 430 74 532 74 481 412 623 412 480 412 481 74 405 74 623 74 476 74 477 74 449 74 528 74 529 74 428 74 508 74 430 74 533 74 456 413 405 413 481 413 475 414 476 414 449 414 475 74 449 74 450 74 527 415 528 415 428 415 457 416 405 416 456 416 509 74 430 74 508 74 474 74 475 74 450 74 510 417 455 417 430 417 510 74 430 74 509 74 473 74 474 74 450 74 473 74 450 74 451 74 511 74 455 74 510 74 429 418 525 418 526 418 429 419 526 419 527 419 429 74 527 74 428 74 404 74 405 74 457 74 404 74 457 74 458 74 404 420 458 420 459 420 472 74 473 74 451 74 524 74 525 74 429 74 460 74 404 74 459 74 512 421 454 421 455 421 512 422 455 423 511 424 471 425 472 425 451 425 523 74 524 74 429 74 461 74 404 74 460 74 513 74 454 74 512 74 394 426 519 426 520 426 394 427 520 427 521 427 394 428 521 428 522 428 394 429 522 429 523 429 394 74 523 74 429 74 403 74 461 74 462 74 403 74 462 74 463 74 403 74 463 74 464 74 403 430 404 430 461 430 504 74 505 74 453 74 506 74 453 74 505 74 506 431 452 431 453 431 503 432 504 432 453 432 503 433 453 433 454 433 507 434 452 434 506 434 502 74 503 74 454 74 482 435 452 435 507 435 482 436 451 436 452 436 501 74 502 74 454 74 483 437 451 438 482 439 500 440 501 440 454 440 500 74 454 74 513 74 484 441 451 442 483 443 484 444 470 444 471 444 484 445 471 445 451 445 499 446 500 446 513 446 395 74 519 74 394 74 395 447 515 447 516 447 395 448 516 448 517 448 395 449 517 449 518 449 395 450 518 450 519 450 402 451 464 452 465 453 402 454 465 454 466 454 402 455 466 455 467 455 402 74 467 74 468 74 402 456 403 456 464 456 401 74 470 74 484 74 401 457 402 457 468 457 401 458 468 458 469 458 401 459 469 459 470 459 401 460 484 460 485 460 396 74 515 74 395 74 396 461 513 461 514 461 396 462 514 462 515 462 396 463 499 463 513 463 397 464 496 464 497 464 397 465 497 465 498 465 397 466 498 467 499 468 397 74 499 74 396 74 400 74 401 74 485 74 400 469 485 469 486 469 400 470 486 470 487 470 400 74 487 74 488 74 398 471 494 471 495 471 398 472 495 472 496 472 398 473 496 473 397 473 398 74 492 74 493 74 398 474 493 474 494 474 399 74 492 74 398 74 399 475 400 475 488 475 399 382 488 382 489 382 399 74 489 74 490 74 399 74 490 74 491 74 399 74 491 74 492 74 700 476 701 477 702 478 699 478 702 478 703 479 699 478 700 476 702 478 698 480 703 479 704 481 698 480 699 478 703 479 697 481 704 481 705 482 697 481 698 480 704 481 696 483 705 482 706 484 696 483 697 481 705 482 695 485 706 484 707 486 695 485 696 483 706 484 694 487 695 485 707 486 694 487 707 486 708 488 693 489 694 487 708 488 693 489 708 488 709 490 692 491 693 489 709 490 692 491 709 490 710 492 691 493 692 491 710 492 691 493 710 492 711 494 690 495 691 493 711 494 690 495 711 494 712 496 689 497 690 495 712 496 688 498 689 497 712 496 688 498 712 496 713 499 688 498 713 499 714 500 687 500 688 498 714 500 687 500 714 500 715 501 686 502 687 500 715 501 686 502 715 501 716 503 685 503 686 502 716 503 685 503 716 503 717 504 684 505 685 503 717 504 684 505 717 504 718 506 683 507 684 505 718 506 683 507 718 506 719 508 682 509 683 507 719 508 682 509 719 508 720 510 681 510 682 509 720 510 681 510 720 510 721 511 680 511 681 510 721 511 679 512 721 511 722 513 679 512 722 513 723 514 679 512 680 511 721 511 678 515 723 514 724 516 678 515 679 512 723 514 677 517 678 515 724 516 676 518 724 516 725 519 676 518 677 517 724 516 675 520 725 519 726 521 675 520 726 521 727 522 675 520 676 518 725 519 674 523 675 520 727 522 673 524 727 522 728 525 673 524 728 525 729 526 673 524 674 523 727 522 672 527 729 526 730 528 672 527 673 524 729 526 671 528 672 527 730 528 670 529 730 528 731 530 670 529 731 530 732 531 670 529 671 528 730 528 669 531 732 531 733 532 669 531 670 529 732 531 668 533 669 531 733 532 668 533 733 532 734 534 667 535 668 533 734 534 666 536 667 535 734 534 666 536 734 534 735 537 665 538 666 536 735 537 665 538 735 537 736 538 664 539 665 538 736 538 664 539 736 538 737 540 749 541 747 542 748 543 745 544 746 544 747 544 745 74 747 74 749 74 743 545 744 545 745 545 753 74 749 74 750 74 753 74 750 74 751 74 753 74 751 74 752 74 741 546 742 546 743 546 755 547 753 547 754 547 740 548 743 548 745 548 740 74 741 74 743 74 756 549 753 549 755 549 739 550 740 550 745 550 758 551 756 551 757 551 763 74 738 74 739 74 763 74 745 74 749 74 763 74 739 74 745 74 760 552 758 553 759 554 761 555 762 555 763 555 761 74 749 74 753 74 761 556 753 556 756 556 761 557 756 557 758 557 761 74 763 74 749 74 761 558 758 558 760 558 804 559 817 560 805 561 803 562 816 563 817 560 803 562 817 560 804 559 802 563 815 564 816 563 802 563 816 563 803 562 801 565 814 566 815 564 801 565 815 564 802 563 800 566 813 567 814 566 800 566 814 566 801 565 799 567 812 568 813 567 799 567 813 567 800 566 798 568 811 569 812 568 798 568 812 568 799 567 797 569 810 570 811 569 797 569 811 569 798 568 796 571 809 572 810 570 796 571 810 570 797 569 795 572 808 573 809 572 795 572 809 572 796 571 794 574 807 575 808 573 794 574 808 573 795 572 793 576 807 575 794 574 793 576 806 577 807 575 792 578 806 577 793 576 792 578 777 579 806 577 791 580 777 579 792 578 790 581 777 579 791 580 790 581 776 582 777 579 789 583 775 584 776 582 789 583 776 582 790 581 788 585 774 585 775 584 788 585 775 584 789 583 787 586 773 587 774 585 787 586 774 585 788 585 786 588 772 589 773 587 786 588 773 587 787 586 785 590 771 591 772 589 785 590 772 589 786 588 784 592 770 593 771 591 784 592 771 591 785 590 783 594 769 595 770 593 783 594 770 593 784 592 782 596 768 597 769 595 782 596 769 595 783 594 781 598 767 599 768 597 781 598 768 597 782 596 780 600 765 601 766 602 780 600 766 602 767 599 780 600 767 599 781 598 779 603 765 601 780 600 778 604 764 605 765 601 778 604 765 601 779 603 829 74 827 74 828 74 826 606 827 606 829 606 823 74 824 74 825 74 823 74 825 74 826 74 833 607 830 607 831 607 833 608 831 608 832 608 835 609 829 609 830 609 835 74 833 74 834 74 835 610 830 610 833 610 820 611 821 611 822 611 819 74 820 74 822 74 838 612 835 613 836 614 838 615 836 615 837 615 838 74 826 74 829 74 838 616 823 616 826 616 838 617 829 617 835 617 842 618 818 618 819 618 842 619 843 619 818 619 841 74 822 74 823 74 841 620 838 621 839 622 841 74 839 74 840 74 841 623 819 623 822 623 841 74 823 74 838 74 841 624 842 624 819 624 870 625 872 626 871 627 869 628 873 629 872 626 869 628 872 626 870 625 868 630 874 631 873 629 868 630 873 629 869 628 867 632 875 633 874 631 867 632 874 631 868 630 866 634 876 635 875 633 866 634 875 633 867 632 865 635 877 636 876 635 865 635 876 635 866 634 864 637 878 638 877 636 864 637 877 636 865 635 863 639 878 638 864 637 862 640 879 640 878 638 862 640 880 641 879 640 862 640 878 638 863 639 861 642 880 641 862 640 860 643 881 643 880 641 860 643 882 644 881 643 860 643 880 641 861 642 859 645 882 644 860 643 859 645 883 646 882 644 858 647 883 646 859 645 857 648 883 646 858 647 857 648 884 648 883 646 857 648 885 649 884 648 856 650 885 649 857 648 855 651 885 649 856 650 855 651 886 652 885 649 854 653 886 652 855 651 854 653 887 654 886 652 853 655 887 654 854 653 853 655 888 656 887 654 853 655 889 657 888 656 852 658 889 657 853 655 852 658 890 659 889 657 851 660 890 659 852 658 850 661 890 659 851 660 850 661 891 662 890 659 850 661 892 663 891 662 849 663 892 663 850 661 848 664 892 663 849 663 848 664 893 665 892 663 847 666 893 665 848 664 847 666 894 667 893 665 846 668 895 669 894 667 846 668 894 667 847 666 846 668 896 670 895 669 845 671 896 670 846 668 844 672 897 673 896 670 844 672 896 670 845 671 951 674 899 675 898 676 950 677 900 678 899 675 950 677 899 675 951 674 949 679 901 680 900 678 949 679 900 678 950 677 948 681 902 682 901 680 948 681 901 680 949 679 947 683 903 684 902 682 947 683 902 682 948 681 946 685 903 684 947 683 945 686 904 687 903 684 945 686 905 688 904 687 945 686 903 684 946 685 944 689 905 688 945 686 943 690 906 691 905 688 943 690 905 688 944 689 942 692 907 693 906 691 942 692 908 694 907 693 942 692 906 691 943 690 941 695 909 696 908 694 941 695 908 694 942 692 940 697 909 696 941 695 939 698 909 696 940 697 939 698 910 699 909 696 938 700 910 699 939 698 938 700 911 701 910 699 938 700 912 702 911 701 937 703 912 702 938 700 936 704 912 702 937 703 936 704 913 705 912 702 936 704 914 706 913 705 935 707 914 706 936 704 934 708 915 709 914 706 934 708 914 706 935 707 933 710 916 711 915 709 933 710 917 712 916 711 933 710 915 709 934 708 932 713 917 712 933 710 931 714 918 715 917 712 931 714 919 716 918 715 931 714 917 712 932 713 930 716 919 716 931 714 929 717 920 718 919 716 929 717 919 716 930 716 928 719 921 720 920 718 928 719 922 721 921 720 928 719 920 718 929 717 927 722 922 721 928 719 926 723 923 724 922 721 926 723 924 725 923 724 926 723 922 721 927 722 925 726 924 725 926 723 1005 727 953 728 952 729 1004 730 954 731 953 728 1004 730 953 728 1005 727 1003 732 955 733 954 731 1003 732 954 731 1004 730 1002 734 956 735 955 733 1002 734 955 733 1003 732 1001 736 957 737 956 735 1001 736 956 735 1002 734 1000 738 957 737 1001 736 999 739 958 740 957 737 999 739 959 741 958 740 999 739 957 737 1000 738 998 742 959 741 999 739 997 743 960 744 959 741 997 743 959 741 998 742 996 745 961 746 960 744 996 745 962 747 961 746 996 745 960 744 997 743 995 748 963 749 962 747 995 748 962 747 996 745 994 750 963 749 995 748 993 751 963 749 994 750 993 751 964 752 963 749 992 753 964 752 993 751 992 753 965 754 964 752 992 753 966 755 965 754 991 756 966 755 992 753 990 757 966 755 991 756 990 757 967 758 966 755 990 757 968 759 967 758 989 760 968 759 990 757 988 761 969 762 968 759 988 761 968 759 989 760 987 763 970 764 969 762 987 763 971 765 970 764 987 763 969 762 988 761 986 766 971 765 987 763 985 767 972 768 971 765 985 767 973 769 972 768 985 767 971 765 986 766 984 770 973 769 985 767 983 771 974 772 973 769 983 771 973 769 984 770 982 773 975 774 974 772 982 773 976 775 975 774 982 773 974 772 983 771 981 776 976 775 982 773 980 777 977 778 976 775 980 777 978 779 977 778 980 777 976 775 981 776 979 780 978 779 980 777 1059 781 1007 782 1006 783 1058 784 1008 785 1007 782 1058 784 1007 782 1059 781 1057 786 1009 787 1008 785 1057 786 1008 785 1058 784 1056 788 1010 789 1009 787 1056 788 1009 787 1057 786 1055 790 1011 791 1010 789 1055 790 1010 789 1056 788 1054 792 1011 791 1055 790 1053 793 1012 687 1011 791 1053 793 1013 794 1012 687 1053 793 1011 791 1054 792 1052 795 1013 794 1053 793 1051 796 1014 797 1013 794 1051 796 1013 794 1052 795 1050 798 1015 799 1014 797 1050 798 1016 800 1015 799 1050 798 1014 797 1051 796 1049 801 1017 802 1016 800 1049 801 1016 800 1050 798 1048 803 1017 802 1049 801 1047 804 1017 802 1048 803 1047 804 1018 805 1017 802 1046 806 1018 805 1047 804 1046 806 1019 807 1018 805 1046 806 1020 808 1019 807 1045 809 1020 808 1046 806 1044 810 1020 808 1045 809 1044 810 1021 811 1020 808 1044 810 1022 812 1021 811 1043 813 1022 812 1044 810 1042 814 1023 815 1022 812 1042 814 1022 812 1043 813 1041 816 1024 817 1023 815 1041 816 1025 818 1024 817 1041 816 1023 815 1042 814 1040 819 1025 818 1041 816 1039 820 1026 715 1025 818 1039 820 1027 821 1026 715 1039 820 1025 818 1040 819 1038 822 1027 821 1039 820 1037 823 1028 824 1027 821 1037 823 1027 821 1038 822 1036 825 1029 826 1028 824 1036 825 1030 827 1029 826 1036 825 1028 824 1037 823 1035 828 1030 827 1036 825 1034 829 1031 830 1030 827 1034 829 1032 831 1031 830 1034 829 1030 827 1035 828 1033 832 1032 831 1034 829 1113 833 1061 834 1060 835 1112 836 1062 837 1061 834 1112 836 1061 834 1113 833 1111 838 1063 839 1062 837 1111 838 1062 837 1112 836 1110 840 1064 841 1063 839 1110 840 1063 839 1111 838 1109 842 1065 843 1064 841 1109 842 1064 841 1110 840 1108 843 1065 843 1109 842 1107 844 1066 687 1065 843 1107 844 1067 845 1066 687 1107 844 1065 843 1108 843 1106 689 1067 845 1107 844 1105 846 1068 847 1067 845 1105 846 1067 845 1106 689 1104 848 1069 693 1068 847 1104 848 1070 849 1069 693 1104 848 1068 847 1105 846 1103 850 1071 696 1070 849 1103 850 1070 849 1104 848 1102 851 1071 696 1103 850 1101 852 1071 696 1102 851 1101 852 1072 853 1071 696 1100 854 1072 853 1101 852 1100 854 1073 855 1072 853 1100 854 1074 856 1073 855 1099 857 1074 856 1100 854 1098 858 1074 856 1099 857 1098 858 1075 859 1074 856 1098 858 1076 860 1075 859 1097 861 1076 860 1098 858 1096 862 1077 863 1076 860 1096 862 1076 860 1097 861 1095 864 1078 865 1077 863 1095 864 1079 866 1078 865 1095 864 1077 863 1096 862 1094 713 1079 866 1095 864 1093 867 1080 715 1079 866 1093 867 1081 868 1080 715 1093 867 1079 866 1094 713 1092 869 1081 868 1093 867 1091 870 1082 871 1081 868 1091 870 1081 868 1092 869 1090 872 1083 873 1082 871 1090 872 1084 874 1083 873 1090 872 1082 871 1091 870 1089 875 1084 874 1090 872 1088 876 1085 877 1084 874 1088 876 1086 878 1085 877 1088 876 1084 874 1089 875 1087 879 1086 878 1088 876 1167 880 1115 628 1114 881 1166 882 1116 883 1115 628 1166 882 1115 628 1167 880 1165 630 1117 884 1116 883 1165 630 1116 883 1166 882 1164 885 1118 886 1117 884 1164 885 1117 884 1165 630 1163 887 1119 888 1118 886 1163 887 1118 886 1164 885 1162 889 1119 888 1163 887 1161 890 1120 890 1119 888 1161 890 1121 891 1120 890 1161 890 1119 888 1162 889 1160 892 1121 891 1161 890 1159 893 1122 894 1121 891 1159 893 1121 891 1160 892 1158 895 1123 896 1122 894 1158 895 1124 897 1123 896 1158 895 1122 894 1159 893 1157 898 1125 899 1124 897 1157 898 1124 897 1158 895 1156 644 1125 899 1157 898 1155 900 1125 899 1156 644 1155 900 1126 901 1125 899 1154 648 1126 901 1155 900 1154 648 1127 648 1126 901 1154 648 1128 902 1127 648 1153 903 1128 902 1154 648 1152 904 1128 902 1153 903 1152 904 1129 905 1128 902 1152 904 1130 906 1129 905 1151 907 1130 906 1152 904 1150 908 1131 909 1130 906 1150 908 1130 906 1151 907 1149 910 1132 911 1131 909 1149 910 1133 912 1132 911 1149 910 1131 909 1150 908 1148 913 1133 912 1149 910 1147 914 1134 914 1133 912 1147 914 1135 915 1134 914 1147 914 1133 912 1148 913 1146 916 1135 915 1147 914 1145 917 1136 918 1135 915 1145 917 1135 915 1146 916 1144 919 1137 920 1136 918 1144 919 1138 669 1137 920 1144 919 1136 918 1145 917 1143 669 1138 669 1144 919 1142 921 1139 670 1138 669 1142 921 1140 922 1139 670 1142 921 1138 669 1143 669 1141 923 1140 922 1142 921 1221 924 1169 925 1168 926 1220 927 1170 928 1169 925 1220 927 1169 925 1221 924 1219 929 1171 930 1170 928 1219 929 1170 928 1220 927 1218 931 1172 932 1171 930 1218 931 1171 930 1219 929 1217 933 1173 934 1172 932 1217 933 1172 932 1218 931 1216 935 1173 934 1217 933 1215 936 1174 687 1173 934 1215 936 1175 937 1174 687 1215 936 1173 934 1216 935 1214 795 1175 937 1215 936 1213 938 1176 939 1175 937 1213 938 1175 937 1214 795 1212 940 1177 799 1176 939 1212 940 1178 849 1177 799 1212 940 1176 939 1213 938 1211 941 1179 942 1178 849 1211 941 1178 849 1212 940 1210 943 1179 942 1211 941 1209 944 1179 942 1210 943 1209 944 1180 945 1179 942 1208 946 1180 945 1209 944 1208 946 1181 947 1180 945 1208 946 1182 948 1181 947 1207 949 1182 948 1208 946 1206 950 1182 948 1207 949 1206 950 1183 951 1182 948 1206 950 1184 706 1183 951 1205 952 1184 706 1206 950 1204 953 1185 954 1184 706 1204 953 1184 706 1205 952 1203 955 1186 956 1185 954 1203 955 1187 957 1186 956 1203 955 1185 954 1204 953 1202 819 1187 957 1203 955 1201 958 1188 715 1187 957 1201 958 1189 959 1188 715 1201 958 1187 957 1202 819 1200 960 1189 959 1201 958 1199 961 1190 962 1189 959 1199 961 1189 959 1200 960 1198 963 1191 964 1190 962 1198 963 1192 965 1191 964 1198 963 1190 962 1199 961 1197 966 1192 965 1198 963 1196 967 1193 968 1192 965 1196 967 1194 969 1193 968 1196 967 1192 965 1197 966 1195 970 1194 969 1196 967 1275 971 1223 972 1222 973 1274 974 1224 975 1223 972 1274 974 1223 972 1275 971 1273 629 1225 976 1224 975 1273 629 1224 975 1274 974 1272 977 1226 978 1225 976 1272 977 1225 976 1273 629 1271 979 1227 980 1226 978 1271 979 1226 978 1272 977 1270 981 1227 980 1271 979 1269 982 1228 983 1227 980 1269 982 1229 984 1228 983 1269 982 1227 980 1270 981 1268 985 1229 984 1269 982 1267 986 1230 987 1229 984 1267 986 1229 984 1268 985 1266 988 1231 989 1230 987 1266 988 1232 990 1231 989 1266 988 1230 987 1267 986 1265 991 1233 992 1232 990 1265 991 1232 990 1266 988 1264 993 1233 992 1265 991 1263 994 1233 992 1264 993 1263 994 1234 995 1233 992 1262 996 1234 995 1263 994 1262 996 1235 997 1234 995 1262 996 1236 998 1235 997 1261 999 1236 998 1262 996 1260 1000 1236 998 1261 999 1260 1000 1237 1001 1236 998 1260 1000 1238 1002 1237 1001 1259 1003 1238 1002 1260 1000 1258 656 1239 1004 1238 1002 1258 656 1238 1002 1259 1003 1257 1005 1240 1006 1239 1004 1257 1005 1241 1007 1240 1006 1257 1005 1239 1004 1258 656 1256 1008 1241 1007 1257 1005 1255 1009 1242 1010 1241 1007 1255 1009 1243 1011 1242 1010 1255 1009 1241 1007 1256 1008 1254 1012 1243 1011 1255 1009 1253 1013 1244 1014 1243 1011 1253 1013 1243 1011 1254 1012 1252 1015 1245 1016 1244 1014 1252 1015 1246 1017 1245 1016 1252 1015 1244 1014 1253 1013 1251 1018 1246 1017 1252 1015 1250 1019 1247 1020 1246 1017 1250 1019 1248 1021 1247 1020 1250 1019 1246 1017 1251 1018 1249 1022 1248 1021 1250 1019 1318 1023 1317 1024 1316 1025 1315 1026 1318 1023 1316 1025 1319 1027 1318 1023 1315 1026 1314 1028 1319 1027 1315 1026 1320 1029 1319 1027 1314 1028 1313 1030 1320 1029 1314 1028 1321 1031 1320 1029 1313 1030 1312 1032 1321 1031 1313 1030 1322 1033 1321 1031 1312 1032 1311 1034 1322 1033 1312 1032 1323 1035 1322 1033 1311 1034 1310 1036 1323 1035 1311 1034 1324 1037 1323 1035 1310 1036 1309 1038 1324 1037 1310 1036 1308 1039 1325 1040 1324 1037 1308 1039 1324 1037 1309 1038 1326 1041 1325 1040 1308 1039 1307 1042 1326 1041 1308 1039 1327 1043 1326 1041 1307 1042 1306 1044 1327 1043 1307 1042 1305 1045 1327 1043 1306 1044 1305 1045 1328 1046 1327 1043 1304 1047 1328 1046 1305 1045 1304 1047 1329 1048 1328 1046 1276 1049 1329 1048 1304 1047 1303 1050 1276 1049 1304 1047 1277 1051 1276 1049 1303 1050 1302 1052 1277 1051 1303 1050 1301 1053 1278 1054 1277 1051 1301 1053 1277 1051 1302 1052 1279 1055 1278 1054 1301 1053 1300 1056 1279 1055 1301 1053 1299 1057 1280 1058 1279 1055 1299 1057 1279 1055 1300 1056 1281 1059 1280 1058 1299 1057 1298 1060 1281 1059 1299 1057 1297 1061 1282 1062 1281 1059 1297 1061 1281 1059 1298 1060 1283 1063 1282 1062 1297 1061 1296 1064 1283 1063 1297 1061 1295 1065 1284 1066 1283 1063 1295 1065 1283 1063 1296 1064 1285 1067 1284 1066 1295 1065 1294 1068 1285 1067 1295 1065 1293 1069 1286 1070 1285 1067 1293 1069 1285 1067 1294 1068 1287 1071 1286 1070 1293 1069 1292 1072 1287 1071 1293 1069 1288 1073 1287 1071 1292 1072 1291 1074 1288 1073 1292 1072 1290 1075 1289 1076 1288 1073 1290 1075 1288 1073 1291 1074 1331 1077 1330 1078 1367 1079 1331 1077 1367 1079 1403 1080 1332 1081 1403 1080 1402 1082 1332 1081 1331 1077 1403 1080 1333 1083 1402 1082 1401 1084 1333 1083 1332 1081 1402 1082 1334 1085 1401 1084 1400 1086 1334 1085 1333 1083 1401 1084 1335 1087 1400 1086 1399 1088 1335 1087 1334 1085 1400 1086 1336 1089 1399 1088 1398 1090 1336 1089 1335 1087 1399 1088 1337 1091 1336 1089 1398 1090 1337 1091 1398 1090 1397 1092 1338 1093 1337 1091 1397 1092 1338 1093 1397 1092 1396 1094 1339 1095 1338 1093 1396 1094 1339 1095 1396 1094 1395 1096 1340 1097 1339 1095 1395 1096 1340 1097 1395 1096 1394 1098 1341 1099 1340 1097 1394 1098 1341 1099 1394 1098 1393 1100 1342 1101 1341 1099 1393 1100 1342 1101 1393 1100 1392 1102 1343 1103 1342 1101 1392 1102 1343 1103 1392 1102 1391 1104 1344 1105 1343 1103 1391 1104 1344 1105 1391 1104 1390 1106 1345 1107 1344 1105 1390 1106 1345 1107 1390 1106 1389 1108 1346 1109 1345 1107 1389 1108 1346 1109 1389 1108 1388 1110 1347 1111 1346 1109 1388 1110 1347 1111 1388 1110 1387 1112 1348 1113 1347 1111 1387 1112 1348 1113 1387 1112 1386 1114 1349 1115 1348 1113 1386 1114 1349 1115 1386 1114 1385 1116 1350 1117 1385 1116 1384 1118 1350 1117 1349 1115 1385 1116 1351 1119 1384 1118 1383 1120 1351 1119 1350 1117 1384 1118 1352 1121 1383 1120 1382 1122 1352 1121 1351 1119 1383 1120 1353 1123 1382 1122 1381 1124 1353 1123 1352 1121 1382 1122 1354 1125 1381 1124 1380 1126 1354 1125 1353 1123 1381 1124 1355 1127 1380 1126 1379 1128 1355 1127 1354 1125 1380 1126 1378 1129 1355 1127 1379 1128 1356 1130 1355 1127 1378 1129 1357 1131 1378 1129 1377 1132 1357 1131 1356 1130 1378 1129 1358 1133 1377 1132 1376 1134 1358 1133 1357 1131 1377 1132 1375 1135 1358 1133 1376 1134 1359 1136 1358 1133 1375 1135 1360 1137 1375 1135 1374 1138 1360 1137 1359 1136 1375 1135 1361 1139 1374 1138 1373 1140 1361 1139 1360 1137 1374 1138 1362 1141 1361 1139 1373 1140 1362 1141 1373 1140 1372 1142 1371 1143 1362 1141 1372 1142 1363 1144 1362 1141 1371 1143 1364 1145 1363 1144 1371 1143 1364 1145 1371 1143 1370 1146 1365 1147 1364 1145 1370 1146 1365 1147 1370 1146 1369 1148 1366 1149 1365 1147 1369 1148 1366 1149 1369 1148 1368 1150 1417 105 1418 105 1419 105 1424 105 1422 105 1423 105 1427 1151 1419 1151 1420 1151 1427 1152 1420 1152 1421 1152 1427 1153 1421 1153 1422 1153 1427 1154 1424 1154 1425 1154 1427 1155 1425 1155 1426 1155 1427 1156 1422 1156 1424 1156 1413 1157 1414 1157 1415 1157 1413 1158 1415 1158 1416 1158 1429 1159 1427 1159 1428 1159 1429 1160 1417 1160 1419 1160 1429 105 1419 105 1427 105 1410 105 1411 105 1412 105 1410 1161 1412 1161 1413 1161 1405 1162 1416 1162 1417 1162 1405 105 1429 105 1404 105 1405 105 1417 105 1429 105 1406 105 1416 105 1405 105 1408 1163 1409 1163 1410 1163 1408 105 1410 105 1413 105 1407 1164 1413 1164 1416 1164 1407 105 1408 105 1413 105 1407 105 1416 105 1406 105 1431 1165 1430 1166 1457 1167 1431 1165 1457 1167 1458 1165 1432 1168 1458 1165 1459 1169 1432 1168 1459 1169 1460 1170 1432 1168 1431 1165 1458 1165 1433 1171 1432 1168 1460 1170 1434 1172 1460 1170 1461 1172 1434 1172 1433 1171 1460 1170 1435 1173 1461 1172 1462 1174 1435 1173 1462 1174 1463 1175 1435 1173 1434 1172 1461 1172 1436 1176 1435 1173 1463 1175 1437 1177 1463 1175 1464 1178 1437 1177 1436 1176 1463 1175 1438 1179 1464 1178 1465 1180 1438 1179 1437 1177 1464 1178 1439 1181 1465 1180 1466 1181 1439 1181 1466 1181 1467 1182 1439 1181 1438 1179 1465 1180 1440 1183 1467 1182 1468 1184 1440 1183 1439 1181 1467 1182 1441 1185 1440 1183 1468 1184 1442 1186 1441 1185 1468 1184 1442 1186 1468 1184 1469 1187 1443 1188 1442 1186 1469 1187 1443 1188 1469 1187 1470 1189 1444 1190 1443 1188 1470 1189 1444 1190 1470 1189 1471 1191 1445 1192 1444 1190 1471 1191 1445 1192 1471 1191 1472 1193 1446 1194 1445 1192 1472 1193 1446 1194 1472 1193 1473 1195 1446 1194 1473 1195 1474 1196 1447 1197 1446 1194 1474 1196 1448 1198 1447 1197 1474 1196 1448 1198 1474 1196 1475 1199 1449 1200 1448 1198 1475 1199 1449 1200 1475 1199 1476 1201 1450 1202 1449 1200 1476 1201 1450 1202 1476 1201 1477 1203 1451 1204 1450 1202 1477 1203 1451 1204 1477 1203 1478 1205 1451 1204 1478 1205 1479 1206 1452 1207 1451 1204 1479 1206 1453 1208 1452 1207 1479 1206 1453 1208 1479 1206 1480 1208 1454 1209 1453 1208 1480 1208 1454 1209 1480 1208 1481 1210 1455 1211 1481 1210 1482 1212 1455 1211 1454 1209 1481 1210 1456 1213 1482 1212 1483 1214 1456 1213 1455 1211 1482 1212</p>
        </triangles>
      </mesh>
    </geometry>
  </library_geometries>
  <library_visual_scenes>
    <visual_scene id="Scene" name="Scene">
      <node id="link_6" name="link_6" type="NODE">
        <matrix sid="transform">1 0 1.42109e-14 1.19209e-7 0 1 0 0 -1.42109e-14 0 1 -2.38419e-7 0 0 0 1</matrix>
        <instance_geometry url="#COMPOUND-mesh" name="link_6">
          <bind_material>
            <technique_common>
              <instance_material symbol="mat_0-material" target="#mat_0-material"/>
            </technique_common>
          </bind_material>
        </instance_geometry>
      </node>
    </visual_scene>
  </library_visual_scenes>
  <scene>
    <instance_visual_scene url="#Scene"/>
  </scene>
</COLLADA>